symbol,median_cents,avg_cents,p90_cents,median_pct,avg_price,quotes
AAL,1.0,1.00,1.0,0.0785,12.73,4297
BAC,1.0,1.00,1.0,0.0189,52.89,4307
F,1.0,1.00,1.0,0.0827,12.11,4291
NFLX,1.0,1.10,1.0,0.0141,70.99,4308
SMCI,1.0,1.47,2.0,0.0236,42.98,4308
SNAP,1.0,1.00,1.0,0.1723,5.81,4052
PATH,1.0,1.00,1.0,0.0762,13.11,4301
NIO,1.0,1.00,1.0,0.2963,3.40,3939
T,1.0,1.00,1.0,0.0406,24.71,4308
SOFI,1.0,1.00,1.0,0.0650,15.41,4307
NVDA,2.0,1.89,3.0,0.0085,233.60,4308
QQQ,2.0,1.81,3.0,0.0026,750.87,4308
INTC,2.0,2.19,3.0,0.0187,108.37,4308
UBER,2.0,1.74,3.0,0.0288,69.04,4307
SPY,2.0,1.81,3.0,0.0026,774.15,4308
HOOD,4.0,3.82,6.0,0.0366,107.59,4305
AAPL,4.0,4.17,7.0,0.0118,338.59,4307
AMZN,5.0,5.19,8.0,0.0193,257.21,4308
XOM,5.0,5.53,9.0,0.0296,168.18,4308
GOOGL,5.0,5.46,9.0,0.0143,349.25,4308
TSLA,7.0,7.26,11.0,0.0188,372.39,4308
PLTR,8.0,9.21,14.0,0.0415,197.97,4308
AVGO,8.0,9.03,15.0,0.0221,366.63,4308
JPM,9.0,9.54,16.0,0.0272,328.91,4304
MSFT,11.0,12.35,20.0,0.0211,526.79,4308
COIN,16.0,16.42,25.0,0.0908,174.92,4294
META,20.0,21.35,33.0,0.0278,719.49,4308
AMD,31.0,33.11,50.0,0.0503,628.17,4304
MU,31.0,32.87,50.0,0.0298,1056.33,4308
