symbol,entry_time,exit_time,entry_price,exit_price,shares,exit_reason,held_minutes,gross_pnl,cost,net_pnl
NVDA,2026-09-28 13:11:00-04:00,2026-09-28 13:22:00-04:00,231.0,230.538,12,stop,11,-5.54,0.24,-5.78
NVDA,2026-09-29 09:30:00-04:00,2026-09-29 09:31:00-04:00,230.92,231.9416,12,trail_stop,1,12.26,0.24,12.02
AAPL,2026-09-30 09:30:00-04:00,2026-09-30 09:31:00-04:00,331.605,332.1677,9,trail_stop,1,5.06,0.18,4.88
TSLA,2026-09-25 14:31:00-04:00,2026-09-25 14:37:00-04:00,373.75,373.0025,8,stop,6,-5.98,0.16,-6.14
TSLA,2026-09-28 12:26:00-04:00,2026-09-28 12:32:00-04:00,362.34,361.6153,8,stop,6,-5.8,0.16,-5.96
TSLA,2026-10-02 09:30:00-04:00,2026-10-02 09:31:00-04:00,362.455,365.2313,8,trail_stop,1,22.21,0.16,22.05
AMZN,2026-09-30 09:30:00-04:00,2026-09-30 09:31:00-04:00,247.45,246.9551,12,stop,1,-5.94,0.24,-6.18
AMZN,2026-10-02 09:30:00-04:00,2026-10-02 09:31:00-04:00,252.5,251.995,11,stop,1,-5.55,0.22,-5.77
INTC,2026-09-30 09:30:00-04:00,2026-09-30 09:31:00-04:00,118.2005,119.5953,25,trail_stop,1,34.87,0.5,34.37
BAC,2026-09-29 10:01:00-04:00,2026-09-29 10:03:00-04:00,55.355,55.2443,54,stop,2,-5.98,1.08,-7.06
T,2026-10-02 09:31:00-04:00,2026-10-02 09:32:00-04:00,24.378,24.3292,123,stop,1,-6.0,2.46,-8.46
AAL,2026-09-25 11:01:00-04:00,2026-09-25 11:03:00-04:00,13.4896,13.4997,222,trail_stop,2,2.25,4.44,-2.19
SOFI,2026-09-28 13:11:00-04:00,2026-09-28 13:12:00-04:00,16.1939,16.1615,185,stop,1,-5.99,3.7,-9.69
SOFI,2026-09-30 09:30:00-04:00,2026-09-30 09:31:00-04:00,15.975,15.9431,187,stop,1,-5.97,3.74,-9.71
SMCI,2026-09-28 12:16:00-04:00,2026-09-28 12:17:00-04:00,41.93,42.0168,71,trail_stop,1,6.16,1.42,4.74
SMCI,2026-09-30 09:30:00-04:00,2026-09-30 09:31:00-04:00,42.165,42.606,71,trail_stop,1,31.31,1.42,29.89
SMCI,2026-10-02 14:32:00-04:00,2026-10-02 14:33:00-04:00,43.63,43.5427,68,stop,1,-5.93,1.36,-7.29
WBD,2026-09-30 15:19:00-04:00,2026-09-30 15:23:00-04:00,30.855,30.8836,97,trail_stop,4,2.77,1.94,0.83
NIO,2026-09-28 09:30:00-04:00,2026-09-28 09:31:00-04:00,3.65,3.6427,821,stop,1,-5.99,16.42,-22.41
NIO,2026-09-29 12:28:00-04:00,2026-09-29 12:29:00-04:00,3.42,3.4132,877,stop,1,-6.0,17.54,-23.54
NIO,2026-09-29 14:07:00-04:00,2026-09-29 14:08:00-04:00,3.4299,3.423,874,stop,1,-6.0,17.48,-23.48
NIO,2026-09-29 14:39:00-04:00,2026-09-29 14:40:00-04:00,3.4196,3.4248,877,trail_stop,1,4.52,17.54,-13.02
NIO,2026-10-02 10:41:00-04:00,2026-10-02 10:56:00-04:00,3.425,3.4201,875,time_stop,15,-4.29,17.5,-21.79
NIO,2026-10-02 15:18:00-04:00,2026-10-02 15:33:00-04:00,3.405,3.405,881,time_stop,15,0.0,17.62,-17.62
SNAP,2026-09-25 11:54:00-04:00,2026-09-25 11:57:00-04:00,5.46,5.4618,549,trail_stop,3,0.99,10.98,-9.99
SNAP,2026-09-29 09:30:00-04:00,2026-09-29 09:31:00-04:00,5.2899,5.2982,567,trail_stop,1,4.73,11.34,-6.61
PATH,2026-09-29 11:19:00-04:00,2026-09-29 11:28:00-04:00,12.217,12.1926,245,stop,9,-5.99,4.9,-10.89
PATH,2026-10-01 10:07:00-04:00,2026-10-01 10:08:00-04:00,13.135,13.1403,228,trail_stop,1,1.2,4.56,-3.36
PATH,2026-10-02 15:58:00-04:00,2026-10-05 09:30:00-04:00,13.115,13.0888,228,stop,2,-5.98,4.56,-10.54
AMD,2026-09-28 15:05:00-04:00,2026-09-28 15:06:00-04:00,607.915,606.6991,4,stop,1,-4.86,0.08,-4.94
AMD,2026-09-30 09:30:00-04:00,2026-09-30 09:31:00-04:00,611.2,613.9577,4,trail_stop,1,11.03,0.08,10.95
AMD,2026-09-30 12:58:00-04:00,2026-09-30 13:13:00-04:00,605.87,605.56,4,time_stop,15,-1.24,0.08,-1.32
AMD,2026-10-01 10:34:00-04:00,2026-10-01 10:35:00-04:00,610.22,608.9995,4,stop,1,-4.88,0.08,-4.96
MSFT,2026-09-29 10:16:00-04:00,2026-09-29 10:17:00-04:00,506.12,505.1078,5,stop,1,-5.06,0.1,-5.16
MSFT,2026-09-29 14:36:00-04:00,2026-09-29 14:38:00-04:00,508.3025,509.0952,5,trail_stop,2,3.96,0.1,3.86
MSFT,2026-10-02 09:30:00-04:00,2026-10-02 09:31:00-04:00,520.8,519.7584,5,stop,1,-5.21,0.1,-5.31
META,2026-09-25 15:55:00-04:00,2026-09-25 15:57:00-04:00,753.09,751.5838,3,stop,2,-4.52,0.06,-4.58
META,2026-09-28 12:28:00-04:00,2026-09-28 12:31:00-04:00,725.74,724.2885,4,stop,3,-5.81,0.08,-5.89
META,2026-09-29 13:10:00-04:00,2026-09-29 13:11:00-04:00,723.81,722.3624,4,stop,1,-5.79,0.08,-5.87
META,2026-10-01 11:20:00-04:00,2026-10-01 11:22:00-04:00,729.04,727.5819,4,stop,2,-5.83,0.08,-5.91
META,2026-10-01 11:56:00-04:00,2026-10-01 12:00:00-04:00,728.4,726.9432,4,stop,4,-5.83,0.08,-5.91
META,2026-10-02 09:30:00-04:00,2026-10-02 09:31:00-04:00,738.48,740.198,4,trail_stop,1,6.87,0.08,6.79
GOOGL,2026-09-28 12:26:00-04:00,2026-09-28 12:31:00-04:00,341.5694,340.8863,8,stop,5,-5.47,0.16,-5.63
GOOGL,2026-09-28 13:11:00-04:00,2026-09-28 13:17:00-04:00,341.91,342.0462,8,trail_stop,6,1.09,0.16,0.93
GOOGL,2026-09-29 14:06:00-04:00,2026-09-29 14:10:00-04:00,339.82,339.1404,8,stop,4,-5.44,0.16,-5.6
GOOGL,2026-10-02 09:30:00-04:00,2026-10-02 09:32:00-04:00,342.4266,343.6937,8,trail_stop,2,10.14,0.16,9.98
GOOGL,2026-10-02 11:08:00-04:00,2026-10-02 11:09:00-04:00,344.72,344.0306,8,stop,1,-5.52,0.16,-5.68
AVGO,2026-09-28 13:11:00-04:00,2026-09-28 13:19:00-04:00,351.715,351.0116,8,stop,8,-5.63,0.16,-5.79
AVGO,2026-09-29 09:30:00-04:00,2026-09-29 09:31:00-04:00,358.895,358.1772,8,stop,1,-5.74,0.16,-5.9
AVGO,2026-10-01 09:30:00-04:00,2026-10-01 09:32:00-04:00,352.81,353.9183,8,trail_stop,2,8.87,0.16,8.71
NFLX,2026-09-29 09:30:00-04:00,2026-09-29 09:31:00-04:00,70.6928,71.233,42,trail_stop,1,22.69,0.84,21.85
NFLX,2026-09-29 11:47:00-04:00,2026-09-29 12:02:00-04:00,70.735,70.6374,42,time_stop,15,-4.1,0.84,-4.94
MU,2026-09-28 12:22:00-04:00,2026-09-28 12:25:00-04:00,1052.77,1053.757,2,trail_stop,3,1.97,0.04,1.93
MU,2026-09-28 13:11:00-04:00,2026-09-28 13:17:00-04:00,1057.615,1055.4998,2,stop,6,-4.23,0.04,-4.27
MU,2026-09-30 09:30:00-04:00,2026-09-30 09:31:00-04:00,1078.49,1081.8748,2,trail_stop,1,6.77,0.04,6.73
PLTR,2026-09-25 12:05:00-04:00,2026-09-25 12:09:00-04:00,192.2074,191.823,15,stop,4,-5.77,0.3,-6.07
PLTR,2026-09-29 15:47:00-04:00,2026-09-29 15:55:00-04:00,186.4495,186.6796,16,trail_stop,8,3.68,0.32,3.36
PLTR,2026-10-01 13:22:00-04:00,2026-10-01 13:24:00-04:00,189.51,189.5652,15,trail_stop,2,0.83,0.3,0.53
COIN,2026-09-25 15:06:00-04:00,2026-09-25 15:21:00-04:00,195.61,196.0,15,time_stop,15,5.85,0.3,5.55
COIN,2026-09-28 12:23:00-04:00,2026-09-28 12:24:00-04:00,194.78,194.3904,15,stop,1,-5.84,0.3,-6.14
COIN,2026-09-28 13:11:00-04:00,2026-09-28 13:12:00-04:00,194.75,194.3605,15,stop,1,-5.84,0.3,-6.14
COIN,2026-09-30 09:30:00-04:00,2026-09-30 09:31:00-04:00,197.41,197.0152,15,stop,1,-5.92,0.3,-6.22
HOOD,2026-09-28 12:28:00-04:00,2026-09-28 12:29:00-04:00,117.99,117.754,25,stop,1,-5.9,0.5,-6.4
HOOD,2026-10-01 10:35:00-04:00,2026-10-01 10:36:00-04:00,112.76,113.1201,26,trail_stop,1,9.36,0.52,8.84
HOOD,2026-10-01 15:02:00-04:00,2026-10-01 15:08:00-04:00,112.0399,112.0916,26,trail_stop,6,1.34,0.52,0.82
HOOD,2026-10-02 09:30:00-04:00,2026-10-02 09:31:00-04:00,115.375,116.5749,26,trail_stop,1,31.2,0.52,30.68
HOOD,2026-10-02 10:25:00-04:00,2026-10-02 10:28:00-04:00,116.56,116.3269,25,stop,3,-5.83,0.5,-6.33
UBER,2026-09-28 12:16:00-04:00,2026-09-28 12:19:00-04:00,68.55,68.4129,43,stop,3,-5.9,0.86,-6.76
UBER,2026-09-28 13:11:00-04:00,2026-09-28 13:12:00-04:00,68.7854,68.8066,43,trail_stop,1,0.91,0.86,0.05
UBER,2026-09-29 11:47:00-04:00,2026-09-29 11:50:00-04:00,69.29,69.1514,43,stop,3,-5.96,0.86,-6.82
UBER,2026-10-01 13:30:00-04:00,2026-10-01 13:45:00-04:00,67.87,68.06,44,time_stop,15,8.36,0.88,7.48
JPM,2026-09-28 09:59:00-04:00,2026-09-28 10:00:00-04:00,340.145,339.4647,8,stop,1,-5.44,0.16,-5.6
XOM,2026-09-28 09:30:00-04:00,2026-09-28 09:31:00-04:00,162.495,163.2548,18,trail_stop,1,13.68,0.36,13.32
XOM,2026-09-30 09:33:00-04:00,2026-09-30 09:35:00-04:00,162.75,163.0051,18,trail_stop,2,4.59,0.36,4.23
XOM,2026-10-01 13:54:00-04:00,2026-10-01 13:55:00-04:00,163.17,163.2548,18,trail_stop,1,1.53,0.36,1.17
SPY,2026-09-28 12:16:00-04:00,2026-09-28 12:26:00-04:00,766.53,768.2159,3,trail_stop,10,5.06,0.06,5.0
SPY,2026-09-28 13:11:00-04:00,2026-09-28 13:19:00-04:00,768.94,767.4021,3,stop,8,-4.61,0.06,-4.67
SPY,2026-09-30 09:30:00-04:00,2026-09-30 09:45:00-04:00,766.515,766.24,3,time_stop,15,-0.83,0.06,-0.89
QQQ,2026-09-28 12:16:00-04:00,2026-09-28 12:26:00-04:00,736.84,739.1296,4,trail_stop,10,9.16,0.08,9.08
QQQ,2026-10-01 09:30:00-04:00,2026-10-01 09:31:00-04:00,743.14,741.6537,4,stop,1,-5.95,0.08,-6.03
SMCI,2026-10-05 10:09:00-04:00,2026-10-05 10:16:00-04:00,43.57,43.5995,68,trail_stop,7,2.01,1.36,0.65
NIO,2026-10-05 09:30:00-04:00,2026-10-05 09:31:00-04:00,3.42,3.4132,877,stop,1,-6.0,17.54,-23.54
NIO,2026-10-05 10:02:00-04:00,2026-10-05 10:03:00-04:00,3.46,3.4531,867,stop,1,-6.0,17.34,-23.34
META,2026-10-05 09:30:00-04:00,2026-10-05 09:31:00-04:00,734.575,736.2735,4,trail_stop,1,6.79,0.08,6.71
PLTR,2026-10-05 09:30:00-04:00,2026-10-05 09:31:00-04:00,190.215,189.8346,15,stop,1,-5.71,0.3,-6.01
AAL,2026-10-05 11:49:00-04:00,2026-10-05 11:58:00-04:00,12.935,12.9406,231,trail_stop,9,1.28,4.62,-3.34
SOFI,2026-10-05 13:03:00-04:00,2026-10-05 13:09:00-04:00,16.005,15.973,187,stop,6,-5.99,3.74,-9.73
