rank,symbol,name,exchange,price,avg_volume,dollar_volume,median_spread_pct,spread_known
1,NVDA,NVIDIA Corporation - Common Stock,NASDAQ,237.47,107923872,25628681883,0.0085,yes
2,SPCX,Space Exploration Technologies Corp. - Class A Common Stock,NASDAQ,167.6,97940440,16414817744,,no
3,META,"Meta Platforms, Inc. - Class A Common Stock",NASDAQ,721.31,22650836,16338274515,0.0278,yes
4,AAPL,Apple Inc. - Common Stock,NASDAQ,336.67,41094927,13835429073,0.0118,yes
5,TSLA,"Tesla, Inc.  - Common Stock",NASDAQ,377.81,36040395,13616421634,0.0188,yes
6,INTC,Intel Corporation - Common Stock,NASDAQ,113.12,109574945,12395117778,0.0187,yes
7,MSFT,Microsoft Corporation - Common Stock,NASDAQ,529.76,21431045,11353310399,0.0211,yes
8,GOOGL,Alphabet Inc. - Class A Common Stock,NASDAQ,350.5,26793018,9390952809,0.0143,yes
9,AMZN,"Amazon.com, Inc. - Common Stock",NASDAQ,259.92,35564577,9243944853,0.0193,yes
10,AVGO,Broadcom Inc. - Common Stock,NASDAQ,376.51,24464013,9210945534,0.0221,yes
11,GOOG,Alphabet Inc. - Class C Capital Stock,NASDAQ,347.37,17432450,6055510156,,no
12,MRVL,"Marvell Technology, Inc. - Common Stock",NASDAQ,284.68,19117213,5442288196,,no
13,ORCL,Oracle Corporation Common Stock,NYSE,143.56,34225854,4913463600,,no
14,BE,Bloom Energy Corporation Class A Common Stock,NYSE,291.29,16821936,4900061737,,no
15,TSM,Taiwan Semiconductor Manufacturing Company Ltd.,NYSE,472.2,9886472,4668392078,,no
16,DELL,Dell Technologies Inc. Class C Common Stock,NYSE,578.96,7876422,4560133281,,no
17,NBIS,Nebius Group N.V. - Class A Ordinary Shares,NASDAQ,237.15,15980804,3789847668,,no
18,STX,Seagate Technology Holdings PLC - Ordinary Shares (Ireland),NASDAQ,807.57,4574040,3693857482,,no
19,SKHY,SK hynix Inc. - American Depositary Shares,NASDAQ,178.25,19748695,3520204883,,no
20,MSTR,Strategy Inc - Class A Common Stock,NASDAQ,153.37,22065536,3384191256,,no
21,WDC,Western Digital Corporation - Common Stock,NASDAQ,405.42,8261959,3349563417,,no
22,AMAT,"Applied Materials, Inc. - Common Stock",NASDAQ,520.65,6092618,3172121561,,no
23,LRCX,Lam Research Corporation - Common Stock,NASDAQ,329.51,9231313,3041809946,,no
24,MRNA,"Moderna, Inc. - Common Stock",NASDAQ,196.48,14951036,2937579553,,no
25,JPM,JP Morgan Chase & Co. Common Stock,NYSE,329.58,8267731,2724878782,0.0272,yes
26,CRWD,"CrowdStrike Holdings, Inc. - Class A Common Stock",NASDAQ,265.44,10221504,2713196021,,no
27,CRWV,"CoreWeave, Inc. - Class A Common Stock",NASDAQ,88.45,30156022,2667300145,,no
28,QCOM,QUALCOMM Incorporated - Common Stock,NASDAQ,177.12,14656022,2595874616,,no
29,CRM,"Salesforce, Inc. Common Stock",NYSE,224.56,11365286,2552188624,,no
30,NFLX,"Netflix, Inc. - Common Stock",NASDAQ,69.7,35370390,2465316183,0.0141,yes
31,PANW,"Palo Alto Networks, Inc. - Common Stock",NASDAQ,405.57,6069745,2461706479,,no
32,WMT,Walmart Inc. - Common Stock,NASDAQ,108.16,21978550,2377199968,,no
33,COHR,Coherent Corp. Common Stock,NYSE,334.56,6865045,2296769455,,no
34,XOM,ExxonMobil Holdings Corporation Common Stock,NYSE,164.05,13516613,2217400362,0.0296,yes
35,COST,Costco Wholesale Corporation - Common Stock,NASDAQ,942.25,2345259,2209820292,,no
36,V,Visa Inc.,NYSE,372.1,5930054,2206573093,,no
37,CSCO,"Cisco Systems, Inc. - Common Stock",NASDAQ,117.39,18725486,2198184801,,no
38,GEV,GE Vernova Inc. Common Stock,NYSE,997.09,2170477,2164160911,,no
39,BAC,Bank of America Corporation Common Stock,NYSE,53.52,38342959,2052115165,0.0189,yes
40,CVX,Chevron Corporation Common Stock,NYSE,205.15,9485268,1945902730,,no
41,GS,"Goldman Sachs Group, Inc. (The) Common Stock",NYSE,887.21,2170195,1925418705,,no
42,UNH,UnitedHealth Group Incorporated Common Stock (DE),NYSE,375.98,5118422,1924424303,,no
43,CAT,"Caterpillar, Inc. Common Stock",NYSE,813.83,2364600,1924382418,,no
44,CRDO,Credo Technology Group Holding Ltd - Ordinary Shares,NASDAQ,220.01,8539490,1878773194,,no
45,KLAC,KLA Corporation  - Common Stock,NASDAQ,196.83,9233359,1817402051,,no
46,JNJ,Johnson & Johnson Common Stock,NYSE,258.45,6746377,1743601135,,no
47,SHOP,Shopify Inc. - Class A Subordinate Voting Shares,NASDAQ,166.03,10353040,1718915231,,no
48,ARM,Arm Holdings plc - American Depositary Shares,NASDAQ,294.37,5665454,1667739693,,no
49,SMCI,"Super Micro Computer, Inc. - Common Stock",NASDAQ,44.94,36687231,1648724161,0.0236,yes
50,HPE,Hewlett Packard Enterprise Company Common Stock,NYSE,72.09,22749986,1640046490,,no
51,TXN,Texas Instruments Incorporated - Common Stock,NASDAQ,288.98,5665122,1637106955,,no
52,MDT,Medtronic plc. Ordinary Shares,NYSE,85.51,19117600,1634745976,,no
53,ALAB,"Astera Labs, Inc. - Common Stock",NASDAQ,382.25,4232254,1617779091,,no
54,VLO,Valero Energy Corporation Common Stock,NYSE,424.1,3770477,1599059295,,no
55,NKE,"Nike, Inc. Common Stock",NYSE,34.36,46223368,1588234924,,no
56,BA,Boeing Company (The) Common Stock,NYSE,188.32,8416209,1584940478,,no
57,NOW,"ServiceNow, Inc. Common Stock",NYSE,137.87,11325868,1561497421,,no
58,RKLB,Rocket Lab Corporation - Common Stock,NASDAQ,71.92,21703100,1560886952,,no
59,TMO,Thermo Fisher Scientific Inc Common Stock,NYSE,662.06,2350572,1556219698,,no
60,MA,Mastercard Incorporated Common Stock,NYSE,570.06,2720418,1550801485,,no
61,APP,Applovin Corporation - Class A Common Stock,NASDAQ,281.29,5301927,1491379045,,no
62,HD,"Home Depot, Inc. (The) Common Stock",NYSE,285.77,5207300,1488090121,,no
63,IREN,IREN Limited - Ordinary Shares,NASDAQ,38.69,36404727,1408498887,,no
64,MCD,McDonald's Corporation Common Stock,NYSE,230.88,6089918,1406040267,,no
65,MRK,"Merck & Company, Inc. Common Stock (new)",NYSE,142.79,9823440,1402688997,,no
66,BKNG,Booking Holdings Inc. - Common Stock,NASDAQ,155.87,8965527,1397456693,,no
67,GE,GE Aerospace Common Stock,NYSE,303.62,4494563,1364639218,,no
68,KO,Coca-Cola Company (The) Common Stock,NYSE,85.82,15895109,1364118254,,no
69,AMGN,Amgen Inc. - Common Stock,NASDAQ,413.08,3285259,1357074787,,no
70,SNOW,Snowflake Inc. Common Stock,NYSE,332.85,4058295,1350803490,,no
71,ACN,Accenture plc Class A Ordinary Shares (Ireland),NYSE,196.64,6845645,1346127632,,no
72,GLW,Corning Incorporated Common Stock,NYSE,163.25,8170727,1333871182,,no
73,VRT,"Vertiv Holdings, LLC Class A Common Stock",NYSE,246.49,5323950,1312300435,,no
74,IBM,International Business Machines Corporation Common Stock,NYSE,220.51,5867968,1293945623,,no
75,TJX,"TJX Companies, Inc. (The) Common Stock",NYSE,138.8,9309963,1292222864,,no
76,MPC,Marathon Petroleum Corporation Common Stock,NYSE,442.26,2913009,1288307360,,no
77,UBER,"Uber Technologies, Inc. Common Stock",NYSE,68.45,18761577,1284229945,0.0288,yes
78,ADI,"Analog Devices, Inc. - Common Stock",NASDAQ,410.08,3081722,1263752557,,no
79,CBRS,Cerebras Systems Inc. - Class A Common Stock,NASDAQ,175.05,7192177,1258990583,,no
80,ADBE,Adobe Inc. - Common Stock,NASDAQ,232.77,5392159,1255132850,,no
81,CIEN,Ciena Corporation Common Stock,NYSE,446.45,2789168,1245224053,,no
82,C,"Citigroup, Inc. Common Stock",NYSE,127.32,9742359,1240397147,,no
83,PG,Procter & Gamble Company (The) Common Stock,NYSE,147.82,8325409,1230661958,,no
84,ABBV,AbbVie Inc. Common Stock,NYSE,271.36,4496436,1220152872,,no
85,PEP,"PepsiCo, Inc. - Common Stock",NASDAQ,123.73,9561936,1183098341,,no
86,SNPS,"Synopsys, Inc. - Common Stock",NASDAQ,502.67,2346718,1179624737,,no
87,TWLO,Twilio Inc. Class A Common Stock,NYSE,273.0,4303309,1174803357,,no
88,P,"Everpure, Inc. Class A common stock",NYSE,152.66,7537763,1150714899,,no
89,ILMN,"Illumina, Inc. - Common Stock",NASDAQ,267.76,4236418,1134343283,,no
90,CEG,Constellation Energy Corporation - Common Stock When-Issued,NASDAQ,299.59,3759663,1126357438,,no
91,WFC,Wells Fargo & Company Common Stock,NYSE,80.26,13864213,1112741735,,no
92,MDB,"MongoDB, Inc. - Class A Common Stock",NASDAQ,363.03,3016054,1094918083,,no
93,INTU,Intuit Inc. - Common Stock,NASDAQ,297.24,3656054,1086725490,,no
94,CRCL,"Circle Internet Group, Inc. Class A Common Stock",NYSE,80.84,13217536,1068505610,,no
95,NET,"Cloudflare, Inc. Class A Common Stock",NYSE,342.97,3114545,1068195498,,no
96,VST,Vistra Corp. Common Stock,NYSE,166.72,6386090,1064688924,,no
97,LIN,Linde plc - Ordinary Shares,NASDAQ,483.98,2186163,1058059168,,no
98,MS,Morgan Stanley Common Stock,NYSE,189.71,5571854,1057036422,,no
99,ANET,"Arista Networks, Inc. Common Stock",NYSE,215.83,4862800,1049538124,,no
100,APH,Amphenol Corporation Common Stock,NYSE,87.55,11943854,1045684417,,no
101,TER,"Teradyne, Inc. - Common Stock",NASDAQ,411.78,2488750,1024817474,,no
102,AXP,American Express Company Common Stock,NYSE,304.25,3338186,1015643090,,no
103,ON,ON Semiconductor Corporation - Common Stock,NASDAQ,82.51,12275922,1012886324,,no
104,IONQ,"IonQ, Inc. Common Stock",NYSE,41.34,24288354,1004080554,,no
105,VZ,Verizon Communications Inc. Common Stock,NYSE,45.77,21591868,988259798,,no
106,NEE,"NextEra Energy, Inc. Common Stock",NYSE,77.06,12758840,983196210,,no
107,AAOI,"Applied Optoelectronics, Inc. - Common Stock",NASDAQ,122.54,8013722,982001493,,no
108,ISRG,"Intuitive Surgical, Inc. - Common Stock",NASDAQ,414.52,2338850,969500102,,no
109,DHR,Danaher Corporation Common Stock,NYSE,218.49,4351913,950849471,,no
110,BMNR,"BitMine Immersion Technologies, Inc. Common Stock",NYSE,24.66,38095322,939430640,,no
111,RCL,Royal Caribbean Cruises Ltd. Common Stock,NYSE,282.32,3304363,932887762,,no
112,CDNS,"Cadence Design Systems, Inc. - Common Stock",NASDAQ,356.12,2601613,926486421,,no
113,PFE,"Pfizer, Inc. Common Stock",NYSE,28.0,32379768,906633504,,no
114,ABT,Abbott Laboratories Common Stock,NYSE,98.73,9162786,904641861,,no
115,VYLR,Vylor Inc. Common Stock,NYSE,72.99,12327820,899807581,,no
116,DIS,Walt Disney Company (The) Common Stock,NYSE,104.75,8588331,899627672,,no
117,ETN,"Eaton Corporation, PLC Ordinary Shares",NYSE,431.33,2052068,885118490,,no
118,BABA,Alibaba Group Holding Limited American Depositary Shares each representing eight Ordinary share,NYSE,107.0,8200713,877476291,,no
119,COP,ConocoPhillips Common Stock,NYSE,129.84,6747668,876117213,,no
120,PM,Philip Morris International Inc Common Stock,NYSE,192.69,4532236,873316554,,no
121,SYK,Stryker Corporation Common Stock,NYSE,275.4,3146922,866662318,,no
122,DDOG,"Datadog, Inc. - Class A Common Stock",NASDAQ,271.34,3174104,861261379,,no
123,BSX,Boston Scientific Corporation Common Stock,NYSE,41.58,20609463,856941471,,no
124,PSX,Phillips 66 Common Stock,NYSE,271.62,3153381,856521347,,no
125,GILD,"Gilead Sciences, Inc. - Common Stock",NASDAQ,146.85,5780686,848893739,,no
126,TMUS,"T-Mobile US, Inc. - Common Stock",NASDAQ,167.65,5048431,846369457,,no
127,FCX,"Freeport-McMoRan, Inc. Common Stock",NYSE,71.86,11680350,839349951,,no
128,OKTA,"Okta, Inc. - Class A Common Stock",NASDAQ,218.0,3828213,834550434,,no
129,CLS,"Celestica, Inc. Common Stock",NYSE,371.57,2177213,808987034,,no
130,NXPI,NXP Semiconductors N.V. - Common Stock,NASDAQ,235.22,3431318,807114619,,no
131,DE,Deere & Company Common Stock,NYSE,656.87,1227972,806617967,,no
132,SCHW,Charles Schwab Corporation (The) Common Stock,NYSE,95.58,8355527,798621270,,no
133,DASH,"DoorDash, Inc. - Common Stock",NASDAQ,191.24,4118559,787633223,,no
134,ABNB,"Airbnb, Inc. - Class A Common Stock",NASDAQ,160.63,4869459,782181199,,no
135,MCK,McKesson Corporation Common Stock,NYSE,910.33,858645,781650302,,no
136,FTNT,"Fortinet, Inc. - Common Stock",NASDAQ,189.28,3983009,753903943,,no
137,SPGI,S&P Global Inc. Common Stock,NYSE,395.18,1903286,752140561,,no
138,SPOT,Spotify Technology S.A. Ordinary Shares,NYSE,512.92,1456522,747079264,,no
139,BMY,Bristol-Myers Squibb Company Common Stock,NYSE,59.7,12508295,746745211,,no
140,HWM,Howmet Aerospace Inc. Common Stock,NYSE,222.75,3349936,746198244,,no
141,CVS,CVS Health Corporation Common Stock,NYSE,87.95,8447550,742962022,,no
142,SWKS,"Skyworks Solutions, Inc. - Common Stock",NASDAQ,83.43,8904190,742876571,,no
143,RDDT,"Reddit, Inc. Class A Common Stock",NYSE,152.71,4754063,725992960,,no
144,NEM,Newmont Corporation,NYSE,113.54,6356940,721766967,,no
145,RTX,RTX Corporation Common Stock,NYSE,180.26,3992922,719764119,,no
146,NTRA,"Natera, Inc. - Common Stock",NASDAQ,395.56,1810745,716258292,,no
147,COF,Capital One Financial Corporation Common Stock,NYSE,195.91,3603509,705963448,,no
148,ZS,"Zscaler, Inc. - Common Stock",NASDAQ,213.55,3298277,704347053,,no
149,FICO,Fair Isaac Corporation Common Stock,NYSE,681.77,1011559,689650579,,no
150,CCL,Carnival Corporation Ltd. Common Shares,NYSE,26.15,26323081,688348568,,no
151,UNP,Union Pacific Corporation Common Stock,NYSE,274.68,2494850,685285398,,no
152,SBUX,Starbucks Corporation - Common Stock,NASDAQ,93.58,7305831,683679664,,no
153,PTC,PTC Inc. - Common Stock,NASDAQ,193.6,3516777,680848027,,no
154,CMCSA,Comcast Corporation - Class A Common Stock,NASDAQ,20.94,32306840,676505229,,no
155,AXTI,AXT Inc - Common Stock,NASDAQ,79.79,8437536,673230997,,no
156,SLB,SLB Limited Common Shares,NYSE,47.96,13889663,666148237,,no
157,SMTC,Semtech Corporation - Common Stock,NASDAQ,193.78,3319918,643333710,,no
158,MCHP,Microchip Technology Incorporated - Common Stock,NASDAQ,78.02,8207909,640381060,,no
159,ASTS,"AST SpaceMobile, Inc. - Class A Common Stock",NASDAQ,60.65,10555086,640165965,,no
160,HCA,"HCA Healthcare, Inc. Common Stock",NYSE,439.17,1450645,637079764,,no
161,PYPL,"PayPal Holdings, Inc. - Common Stock",NASDAQ,54.95,11516309,632821179,,no
162,SHEL,Shell PLC American Depositary Shares (each representing two (2) Ordinary Shares),NYSE,96.85,6463314,625971960,,no
163,GM,General Motors Company Common Stock,NYSE,80.99,7726390,625760326,,no
164,DAL,"Delta Air Lines, Inc. Common Stock",NYSE,82.97,7530731,624824751,,no
165,PGR,Progressive Corporation (The) Common Stock,NYSE,214.12,2875809,615768223,,no
166,NTAP,"NetApp, Inc. - Common Stock",NASDAQ,235.77,2596727,612230324,,no
167,EXPE,"Expedia Group, Inc. - Common Stock",NASDAQ,258.86,2342818,606461867,,no
168,PWR,"Quanta Services, Inc. Common Stock",NYSE,701.07,862172,604442924,,no
169,FANG,"Diamondback Energy, Inc. - Common Stock",NASDAQ,184.38,3271104,603126155,,no
170,HON,Honeywell International Inc. - Common Stock,NASDAQ,208.11,2893181,602099897,,no
171,AKAM,"Akamai Technologies, Inc. - Common Stock",NASDAQ,104.61,5742827,600757132,,no
172,LMT,Lockheed Martin Corporation Common Stock,NYSE,499.22,1202190,600157291,,no
173,DVN,Devon Energy Corporation Common Stock,NYSE,47.88,12439068,595582575,,no
174,PBR,Petroleo Brasileiro S.A. Petrobras ADS,NYSE,23.99,24652754,591419568,,no
175,LOW,"Lowe's Companies, Inc. Common Stock",NYSE,181.54,3254695,590857330,,no
176,TEAM,Atlassian Corporation  - Class A Common Stock,NASDAQ,195.79,3007550,588848214,,no
177,AON,Aon plc Class A Ordinary Shares (Ireland),NYSE,270.47,2176386,588647121,,no
178,WELL,Welltower Inc. Common Stock,NYSE,221.12,2633386,582294312,,no
179,HONA,Honeywell Aerospace Inc. - Common Stock,NASDAQ,153.07,3802009,581973517,,no
180,CMI,Cummins Inc. Common Stock,NYSE,517.32,1117745,578231843,,no
181,LNG,"Cheniere Energy, Inc. Common Stock",NYSE,272.2,2110877,574580719,,no
182,ADP,"Automatic Data Processing, Inc. - Common Stock",NASDAQ,264.0,2175218,574257552,,no
183,TT,Trane Technologies plc,NYSE,467.27,1219459,569816606,,no
184,MAR,Marriott International - Class A Common Stock,NASDAQ,356.5,1574090,561163085,,no
185,BNY,The Bank of New York Mellon Corporation Common Stock,NYSE,142.72,3924190,560060396,,no
186,NVO,Novo Nordisk A/S Common Stock,NYSE,38.26,14586659,558085573,,no
187,RBLX,Roblox Corporation Class A Common Stock,NYSE,46.41,12001763,557001820,,no
188,REGN,"Regeneron Pharmaceuticals, Inc. - Common Stock",NASDAQ,742.12,749027,555867917,,no
189,SO,Southern Company (The) Common Stock,NYSE,85.44,6456772,551666599,,no
190,TGT,Target Corporation Common Stock,NYSE,150.92,3643031,549806238,,no
191,CB,Chubb Limited  Common Stock,NYSE,334.7,1627072,544580998,,no
192,MO,"Altria Group, Inc.",NYSE,69.38,7849050,544567089,,no
193,OXY,Occidental Petroleum Corporation Common Stock,NYSE,58.21,9349790,544251275,,no
194,ALL,Allstate Corporation (The) Common Stock,NYSE,223.95,2426504,543415570,,no
195,SHW,Sherwin-Williams Company (The) Common Stock,NYSE,315.0,1724640,543261600,,no
196,ORLY,"O'Reilly Automotive, Inc. - Common Stock",NASDAQ,84.61,6417636,542996181,,no
197,UTHR,United Therapeutics Corporation - Common Stock,NASDAQ,545.0,979740,533958300,,no
198,TEM,"Tempus AI, Inc. - Class A Common Stock",NASDAQ,70.35,7584954,533601513,,no
199,ADSK,"Autodesk, Inc. - Common Stock",NASDAQ,235.05,2266736,532796296,,no
200,LULU,lululemon athletica inc. - Common Stock,NASDAQ,91.88,5773231,530444464,,no
201,EBAY,eBay Inc. - Common Stock,NASDAQ,107.6,4885777,525709605,,no
202,WMB,"Williams Companies, Inc. (The) Common Stock",NYSE,71.46,7308131,522239041,,no
203,HLT,Hilton Worldwide Holdings Inc. Common Stock,NYSE,320.53,1618759,518860822,,no
204,PH,Parker-Hannifin Corporation Common Stock,NYSE,952.79,542568,516953364,,no
205,JCI,Johnson Controls International plc Ordinary Share,NYSE,155.93,3303372,515094795,,no
206,CASY,"Caseys General Stores, Inc. - Common Stock",NASDAQ,633.25,803672,508925294,,no
207,STM,STMicroelectronics N.V. Common Stock,NYSE,56.18,9055718,508750237,,no
208,BX,Blackstone Inc. Common Stock,NYSE,111.83,4536300,507294429,,no
209,AEP,"American Electric Power Company, Inc. - Common Stock",NASDAQ,122.08,4145627,506098144,,no
210,VRTX,Vertex Pharmaceuticals Incorporated - Common Stock,NASDAQ,505.64,995227,503226580,,no
211,KR,Kroger Company (The) Common Stock,NYSE,59.25,8426577,499274687,,no
212,TTWO,"Take-Two Interactive Software, Inc. - Common Stock",NASDAQ,204.01,2433272,496411820,,no
213,TSEM,Tower Semiconductor Ltd. - Ordinary Shares,NASDAQ,248.25,1995331,495340920,,no
214,MMM,3M Company Common Stock,NYSE,162.12,3040136,492866848,,no
215,ELV,"Elevance Health, Inc. Common Stock",NYSE,404.31,1216686,491918316,,no
216,HPQ,HP Inc. Common Stock,NYSE,32.24,15257104,491889032,,no
217,MRSH,Marsh Common Stock,NYSE,173.66,2823690,490362005,,no
218,CSX,CSX Corporation - Common Stock,NASDAQ,46.81,10472563,490220674,,no
219,PDD,PDD Holdings Inc. - American Depositary Shares,NASDAQ,78.5,6227563,488863695,,no
220,DUK,Duke Energy Corporation (Holding Company) Common Stock,NYSE,115.5,4214800,486809400,,no
221,CVNA,Carvana Co. Class A Common Stock,NYSE,62.76,7745704,486120383,,no
222,MDLZ,"Mondelez International, Inc. - Class A Common Stock",NASDAQ,59.38,8115595,481904031,,no
223,O,Realty Income Corporation Common Stock,NYSE,53.35,8963572,478206566,,no
224,TRV,"The Travelers Companies, Inc. Common Stock",NYSE,360.61,1317327,475041289,,no
225,CL,Colgate-Palmolive Company Common Stock,NYSE,87.21,5424545,473074569,,no
226,U,Unity Software Inc. Common Stock,NYSE,45.44,10347363,470184174,,no
227,EOG,"EOG Resources, Inc. Common Stock",NYSE,144.21,3257613,469780370,,no
228,AZN,AstraZeneca PLC Ordinary Shares,NYSE,160.12,2922927,468019071,,no
229,WM,"Waste Management, Inc. Common Stock",NYSE,208.94,2235704,467127993,,no
230,LEN,Lennar Corporation Class A Common Stock,NYSE,76.13,6117472,465723143,,no
231,KHC,The Kraft Heinz Company Common Stock,NYSE,21.98,21172318,465367549,,no
232,PLD,"Prologis, Inc. Common Stock",NYSE,127.3,3643181,463776941,,no
233,MTSI,"MACOM Technology Solutions Holdings, Inc. - Common Stock",NASDAQ,335.91,1379550,463404640,,no
234,CMG,"Chipotle Mexican Grill, Inc. Common Stock",NYSE,30.77,15028359,462422606,,no
235,FDX,FedEx Corporation Common Stock,NYSE,289.04,1599031,462183920,,no
236,CME,CME Group Inc. - Class A Common Stock,NASDAQ,270.27,1706886,461320079,,no
237,HUM,Humana Inc. Common Stock,NYSE,396.51,1161868,460692280,,no
238,CI,The Cigna Group Common Stock,NYSE,278.51,1652713,460297097,,no
239,NOC,Northrop Grumman Corporation Common Stock,NYSE,473.46,971100,459777006,,no
240,USB,U.S. Bancorp Common Stock,NYSE,56.17,8169645,458888959,,no
241,ROST,"Ross Stores, Inc. - Common Stock",NASDAQ,225.53,2032731,458441822,,no
242,UAL,"United Airlines Holdings, Inc. - Common Stock",NASDAQ,110.17,4138250,455911002,,no
243,BKR,Baker Hughes Company - Common Stock,NASDAQ,55.41,8194913,454080129,,no
244,KMB,Kimberly-Clark Corporation - Common Stock,NASDAQ,96.48,4671740,450729475,,no
245,FPS,"Forgent Power Solutions, Inc. Class A Common Stock",NYSE,40.65,11052809,449296685,,no
246,UPS,"United Parcel Service, Inc. Common Stock",NYSE,92.29,4866827,449159463,,no
247,CRH,CRH PLC Ordinary Shares,NYSE,81.46,5485377,446838810,,no
248,AMT,American Tower Corporation (REIT) Common Stock,NYSE,166.18,2682659,445804272,,no
249,JBL,Jabil Inc. Common Stock,NYSE,299.47,1485754,444938750,,no
250,TWST,Twist Bioscience Corporation - Common Stock,NASDAQ,155.65,2858309,444895795,,no
251,XEL,Xcel Energy Inc. - Common Stock,NASDAQ,72.42,6127936,443785125,,no
252,AXON,"Axon Enterprise, Inc. - Common Stock",NASDAQ,406.0,1092481,443547286,,no
253,FSLR,"First Solar, Inc. - Common Stock",NASDAQ,180.13,2447822,440926176,,no
254,APLD,Applied Digital Corporation - Common Stock,NASDAQ,23.81,18442831,439123806,,no
255,WDAY,"Workday, Inc. - Class A Common Stock",NASDAQ,184.26,2374572,437538636,,no
256,DHI,"D.R. Horton, Inc. Common Stock",NYSE,133.28,3241131,431977939,,no
257,GD,General Dynamics Corporation Common Stock,NYSE,326.63,1312645,428749236,,no
258,ICE,Intercontinental Exchange Inc. Common Stock,NYSE,152.59,2795904,426626991,,no
259,MNST,Monster Beverage Corporation - Common Stock,NASDAQ,42.88,9939304,426197355,,no
260,CAH,"Cardinal Health, Inc. Common Stock",NYSE,232.16,1833777,425729668,,no
261,BURL,"Burlington Stores, Inc. Common Stock",NYSE,272.56,1561504,425603530,,no
262,HUT,Hut 8 Corp. - Common Stock,NASDAQ,89.3,4742227,423480871,,no
263,PNC,"PNC Financial Services Group, Inc. (The) Common Stock",NYSE,217.72,1929395,420067879,,no
264,VEEV,Veeva Systems Inc. Class A Common Stock,NYSE,282.5,1484345,419327462,,no
265,MLM,"Martin Marietta Materials, Inc. Common Stock",NYSE,479.01,870590,417021315,,no
266,BP,BP p.l.c. Common Stock,NYSE,44.51,9361972,416701373,,no
267,KMI,"Kinder Morgan, Inc. Common Stock",NYSE,31.82,13048272,415196015,,no
268,SUNB,"Sunbelt Rentals Holdings, Inc. Common Stock",NYSE,74.77,5541531,414340272,,no
269,COR,"Cencora, Inc. Common Stock",NYSE,317.25,1305804,414266319,,no
270,IQV,"IQVIA Holdings, Inc. Common Stock",NYSE,258.11,1603550,413892290,,no
271,KEYS,Keysight Technologies Inc. Common Stock,NYSE,381.42,1085013,413845658,,no
272,A,"Agilent Technologies, Inc. Common Stock",NYSE,169.09,2445836,413566409,,no
273,EQT,EQT Corporation Common Stock,NYSE,52.31,7864118,411372012,,no
274,RVMD,"Revolution Medicines, Inc. - Common Stock",NASDAQ,200.87,2041686,410113466,,no
275,ONON,On Holding AG Class A Ordinary Shares,NYSE,33.22,12241922,406676648,,no
276,CTAS,Cintas Corporation - Common Stock,NASDAQ,197.19,2058727,405960377,,no
277,DKS,Dick's Sporting Goods Inc Common Stock,NYSE,131.18,3090040,405351447,,no
278,DT,"Dynatrace, Inc. Common Stock",NYSE,59.81,6742390,403262345,,no
279,EMR,Emerson Electric Company Common Stock,NYSE,159.22,2511868,399939622,,no
280,PCAR,PACCAR Inc. - Common Stock,NASDAQ,106.86,3707495,396182915,,no
281,FN,Fabrinet Ordinary Shares,NYSE,497.99,795281,396041985,,no
282,HUBS,"HubSpot, Inc. Common Stock",NYSE,220.27,1771395,390185176,,no
283,ACGL,Arch Capital Group Ltd. - Common Stock,NASDAQ,94.33,4125018,389112947,,no
284,MSI,"Motorola Solutions, Inc. Common Stock",NYSE,448.33,867386,388875165,,no
285,AIG,"American International Group, Inc. New Common Stock",NYSE,75.66,5130336,388161221,,no
286,IR,Ingersoll Rand Inc. Common Stock,NYSE,77.24,5024900,388123276,,no
287,OKLO,Oklo Inc. Class A common stock,NYSE,36.82,10475513,385708388,,no
288,CTSH,Cognizant Technology Solutions Corporation - Class A Common Stock,NASDAQ,57.07,6746481,385021670,,no
289,CARR,Carrier Global Corporation Common Stock,NYSE,55.0,6998395,384911725,,no
290,SAP,SAP  SE ADS,NYSE,210.13,1831722,384899743,,no
291,TEL,TE Connectivity plc Ordinary Shares,NYSE,215.83,1783022,384829638,,no
292,RBRK,"Rubrik, Inc. Class A Common Stock",NYSE,123.73,3109004,384677064,,no
293,TLN,Talen Energy Corporation - Common Stock,NASDAQ,378.32,1011700,382746344,,no
294,TFC,Truist Financial Corporation Common Stock,NYSE,45.58,8323472,379383853,,no
295,SYY,Sysco Corporation Common Stock,NYSE,76.79,4911063,377120527,,no
296,STT,State Street Corporation Common Stock,NYSE,174.19,2153990,375203518,,no
297,LHX,"L3Harris Technologies, Inc. Common Stock",NYSE,233.63,1603981,374738081,,no
298,VIK,Viking Holdings Ltd Ordinary Shares,NYSE,81.26,4610068,374614125,,no
299,KKR,KKR & Co. Inc. Common Stock,NYSE,89.67,4171472,374055894,,no
300,MCO,Moody's Corporation Common Stock,NYSE,449.63,828313,372434374,,no
301,FLEX,Flex Ltd. - Ordinary Shares,NASDAQ,119.34,3112836,371485848,,no
302,ITW,Illinois Tool Works Inc. Common Stock,NYSE,261.15,1415513,369661219,,no
303,VMRK,Vivmark Residential Common Shares of Beneficial Interest,NYSE,59.29,6193095,367188602,,no
304,SN,"SharkNinja, Inc. Ordinary Shares",NYSE,185.19,1967186,364303175,,no
305,SE,"Sea Limited American Depositary Shares, each representing one Class A Ordinary Share",NYSE,94.66,3835813,363098058,,no
306,PAYX,"Paychex, Inc. - Common Stock",NASDAQ,101.55,3551204,360624766,,no
307,AME,"AMETEK, Inc.",NYSE,248.62,1433722,356451963,,no
308,TPR,"Tapestry, Inc. Common Stock",NYSE,113.42,3138913,356015512,,no
309,ECHO,EchoStar Corporation - Common stock,NASDAQ,97.69,3627890,354408574,,no
310,LYV,"Live Nation Entertainment, Inc. Common Stock",NYSE,170.84,2059009,351761097,,no
311,RVTY,"Revvity, Inc. Common Stock",NYSE,153.6,2288131,351456921,,no
312,DXCM,"DexCom, Inc. - Common Stock",NASDAQ,84.3,4149086,349767949,,no
313,EXC,Exelon Corporation - Common Stock,NASDAQ,41.49,8411154,348978779,,no
314,GIS,"General Mills, Inc. Common Stock",NYSE,31.77,10956459,348086702,,no
315,APO,"Apollo Global Management, Inc. (New) Common Stock",NYSE,115.55,2996904,346292257,,no
316,NVS,Novartis AG Common Stock,NYSE,143.28,2409927,345294340,,no
317,DOCN,"DigitalOcean Holdings, Inc. Common Stock",NYSE,127.28,2689354,342300977,,no
318,FAST,Fastenal Company - Common Stock,NASDAQ,49.83,6849331,341302163,,no
319,ENTG,"Entegris, Inc. - Common Stock",NASDAQ,166.32,2043890,339939784,,no
320,MKSI,MKS Inc. - Common Stock,NASDAQ,273.15,1240309,338790403,,no
321,TSCO,Tractor Supply Company - Common Stock,NASDAQ,32.52,10380695,337580201,,no
322,ECL,Ecolab Inc. Common Stock,NYSE,278.1,1211590,336943179,,no
323,BDX,"Becton, Dickinson and Company Common Stock",NYSE,180.16,1870036,336905685,,no
324,TRGP,"Targa Resources, Inc. Common Stock",NYSE,283.96,1184413,336325915,,no
325,NRG,"NRG Energy, Inc. Common Stock",NYSE,108.61,3090609,335671043,,no
326,FISV,"Fiserv, Inc. - Common Stock",NASDAQ,45.31,7404231,335485706,,no
327,YUM,"Yum! Brands, Inc.",NYSE,140.35,2388418,335214466,,no
328,APD,"Air Products and Chemicals, Inc. Common Stock",NYSE,278.12,1201545,334173695,,no
329,JHX,James Hardie Industries plc. Ordinary Shares,NYSE,24.61,13559513,333699614,,no
330,DLR,"Digital Realty Trust, Inc. Common Stock",NYSE,180.47,1848831,333658530,,no
331,CHTR,"Charter Communications, Inc. - Class A Common Stock",NASDAQ,106.96,3115959,333282974,,no
332,DLTR,"Dollar Tree, Inc. - Common Stock",NASDAQ,116.3,2862577,332917705,,no
333,NVT,nVent Electric plc Ordinary Shares,NYSE,167.82,1979909,332268328,,no
334,IBKR,"Interactive Brokers Group, Inc. - Class A Common Stock",NASDAQ,87.74,3781881,331822238,,no
335,KDP,Keurig Dr Pepper Inc. - Common Stock,NASDAQ,30.54,10846927,331265150,,no
336,AMP,"Ameriprise Financial, Inc. Common Stock",NYSE,490.56,674963,331109849,,no
337,MTZ,"MasTec, Inc. Common Stock",NYSE,223.37,1482154,331068738,,no
338,FITB,Fifth Third Bancorp Common Stock,NYSE,50.12,6597209,330652115,,no
339,OKE,"ONEOK, Inc. Common Stock",NYSE,88.05,3754072,330546039,,no
340,RSG,"Republic Services, Inc. Common Stock",NYSE,216.18,1526563,330012389,,no
341,WAT,Waters Corporation Common Stock,NYSE,435.99,756168,329681686,,no
342,XP,XP Inc. - Class A Common Stock,NASDAQ,29.53,11161845,329609282,,no
343,PBF,PBF Energy Inc. Class A Common Stock,NYSE,83.68,3938700,329590416,,no
344,MXL,"MaxLinear, Inc - Common Stock",NASDAQ,107.36,3067990,329379406,,no
345,AJG,Arthur J. Gallagher & Co. Common Stock,NYSE,227.1,1448418,328935727,,no
346,ZTS,Zoetis Inc. Class A Common Stock,NYSE,71.55,4588050,328274977,,no
347,OTIS,Otis Worldwide Corporation Common Stock,NYSE,65.74,4960354,326093671,,no
348,HAL,Halliburton Company Common Stock,NYSE,31.75,10242177,325189119,,no
349,MDLN,Medline Inc. - Class A common stock,NASDAQ,35.45,9146236,324234066,,no
350,CBOE,"Cboe Global Markets, Inc. Common Stock",Cboe BZX,281.57,1148486,323379203,,no
351,B,Barrick Mining Corporation Common Shares,NYSE,39.18,8209963,321666350,,no
352,MSCI,MSCI Inc. Common Stock,NYSE,555.38,579163,321655546,,no
353,ODFL,"Old Dominion Freight Line, Inc. - Common Stock",NASDAQ,175.61,1830950,321533129,,no
354,VTR,"Ventas, Inc. Common Stock",NYSE,80.04,4002495,320359699,,no
355,ETR,Entergy Corporation Common Stock,NYSE,102.8,3112500,319965000,,no
356,GH,"Guardant Health, Inc. - Common Stock",NASDAQ,168.33,1892472,318559811,,no
357,STZ,"Constellation Brands, Inc. Common Stock",NYSE,118.39,2690631,318543804,,no
358,NUE,Nucor Corporation Common Stock,NYSE,246.44,1288663,317578109,,no
359,DINO,HF Sinclair Corporation Common Stock,NYSE,115.63,2744654,317364342,,no
360,NSC,Norfolk Southern Corporation Common Stock,NYSE,313.2,1011736,316875715,,no
361,GNRC,Generac Holdlings Inc. Common Stock,NYSE,221.34,1427045,315862140,,no
362,CRL,"Charles River Laboratories International, Inc. Common Stock",NYSE,300.3,1042336,313013500,,no
363,KOD,Kodiak Sciences Inc - Common Stock,NASDAQ,91.08,3432140,312599311,,no
364,TTAN,"ServiceTitan, Inc. - Class A Common Stock",NASDAQ,71.74,4342736,311547880,,no
365,AVAV,"AeroVironment, Inc. - Common Stock",NASDAQ,138.86,2240068,311055842,,no
366,CNC,Centene Corporation Common Stock,NYSE,64.99,4779150,310596958,,no
367,ROP,"Roper Technologies, Inc. - Common Stock",NASDAQ,358.57,866027,310531301,,no
368,COO,"The Cooper Companies, Inc.  - Common Stock",NASDAQ,54.75,5667490,310295077,,no
369,MET,"MetLife, Inc. Common Stock",NYSE,95.78,3238768,310209199,,no
370,CNQ,Canadian Natural Resources Limited Common Stock,NYSE,47.5,6509040,309179400,,no
371,NDAQ,"Nasdaq, Inc. - Common Stock",NASDAQ,91.93,3362609,309124645,,no
372,PINS,"Pinterest, Inc. Class A Common Stock",NYSE,20.31,15176590,308236542,,no
373,ALNY,"Alnylam Pharmaceuticals, Inc. - Common Stock",NASDAQ,224.41,1371345,307743531,,no
374,ROK,"Rockwell Automation, Inc. Common Stock",NYSE,441.9,695881,307509813,,no
375,AEM,Agnico Eagle Mines Limited Common Stock,NYSE,180.39,1704277,307434528,,no
376,FOXA,Fox Corporation - Class A Common Stock,NASDAQ,62.7,4897722,307087169,,no
377,ROKU,"Roku, Inc. - Class A Common Stock",NASDAQ,152.73,2010231,307022580,,no
378,ASX,"ASE Technology Holding Co., Ltd. American Depositary Shares (each representing Two Common Shares)",NYSE,45.76,6704504,306798103,,no
379,SNX,TD SYNNEX Corporation Common Stock,NYSE,271.52,1126359,305828995,,no
380,FERG,Ferguson Enterprises Inc. Common Stock,NYSE,215.06,1412145,303695903,,no
381,D,"Dominion Energy, Inc. Common Stock",NYSE,61.53,4928168,303230177,,no
382,VMC,Vulcan Materials Company (Holding Company) Common Stock,NYSE,244.13,1241345,303049554,,no
383,EW,Edwards Lifesciences Corporation Common Stock,NYSE,85.78,3523445,302241112,,no
384,EXE,Expand Energy Corporation - Common Stock,NASDAQ,88.12,3423154,301648330,,no
385,WEC,"WEC Energy Group, Inc. Common Stock",NYSE,103.18,2913422,300606881,,no
386,AFRM,"Affirm Holdings, Inc. - Class A Common Stock",NASDAQ,75.31,3954568,297818516,,no
387,ROIV,Roivant Sciences Ltd. - Common Shares,NASDAQ,34.75,8555068,297288613,,no
388,ADM,Archer-Daniels-Midland Company Common Stock,NYSE,81.34,3641804,296224337,,no
389,XYZ,"Block, Inc. Class A Common Stock,",NYSE,76.07,3889409,295867342,,no
390,ATI,ATI Inc. Common Stock,NYSE,189.19,1556290,294434505,,no
391,XYL,Xylem Inc. Common Stock New,NYSE,101.82,2881036,293347085,,no
392,CF,"CF Industries Holdings, Inc. Common Stock",NYSE,114.44,2558131,292752511,,no
393,STRL,"Sterling Infrastructure, Inc. - Common Stock",NASDAQ,534.13,547090,292217181,,no
394,PEG,Public Service Enterprise Group Incorporated Common Stock,NYSE,71.74,4052163,290702173,,no
395,DG,Dollar General Corporation Common Stock,NYSE,122.14,2372063,289723774,,no
396,EAT,"Brinker International, Inc. Common Stock",NYSE,185.31,1550577,287337423,,no
397,TXG,"10x Genomics, Inc. - Common Stock",NASDAQ,76.1,3752486,285564184,,no
398,BTI,"British American Tobacco  Industries, p.l.c. Common Stock ADR",NYSE,53.9,5291536,285213790,,no
399,CRS,Carpenter Technology Corporation Common Stock,NYSE,391.17,728159,284833956,,no
400,BBY,"Best Buy Co., Inc. Common Stock",NYSE,84.59,3356300,283909417,,no
401,CPRT,"Copart, Inc. - Common Stock",NASDAQ,26.62,10639931,283234963,,no
402,UMC,United Microelectronics Corporation (NEW) Common Stock,NYSE,23.31,12079568,281574730,,no
403,HALO,"Halozyme Therapeutics, Inc. - Common Stock",NASDAQ,110.79,2535077,280861180,,no
404,CCJ,Cameco Corporation Common Stock,NYSE,89.07,3145781,280194713,,no
405,EIX,Edison International Common Stock,NYSE,54.41,5137363,279523920,,no
406,RMBS,"Rambus, Inc. - Common Stock",NASDAQ,111.48,2503481,279088061,,no
407,DECK,Deckers Outdoor Corporation Common Stock,NYSE,80.38,3470772,278980653,,no
408,HIMS,"Hims & Hers Health, Inc. Class A Common Stock",NYSE,29.54,9390140,277384735,,no
409,GEN,Gen Digital Inc. - Common Stock,NASDAQ,22.39,12379459,277176087,,no
410,WSM,"Williams-Sonoma, Inc. Common Stock (DE)",NYSE,240.46,1150290,276598733,,no
411,SRE,DBA Sempra Common Stock,NYSE,79.69,3462609,275935311,,no
412,RMD,ResMed Inc. Common Stock,NYSE,225.98,1216736,274958001,,no
413,EFX,"Equifax, Inc. Common Stock",NYSE,142.43,1928800,274718984,,no
414,DRI,"Darden Restaurants, Inc. Common Stock",NYSE,201.49,1358936,273812014,,no
415,VIAV,Viavi Solutions Inc. - Common Stock,NASDAQ,46.27,5906481,273292875,,no
416,LPLA,LPL Financial Holdings Inc. - Common Stock,NASDAQ,324.8,836509,271698123,,no
417,CNP,"CenterPoint Energy, Inc (Holding Co) Common Stock",NYSE,38.53,7016345,270339772,,no
418,FIG,"Figma, Inc. Class A Common Stock",NYSE,21.62,12477127,269755485,,no
419,CBRE,CBRE Group Inc Common Stock Class A,NYSE,127.56,2104445,268443004,,no
420,EL,"Estee Lauder Companies, Inc. (The) Common Stock",NYSE,94.45,2839100,268152995,,no
421,ZM,"Zoom Communications, Inc. - Class A Common Stock",NASDAQ,94.77,2820954,267341810,,no
422,DGX,Quest Diagnostics Incorporated Common Stock,NYSE,227.06,1169227,265484682,,no
423,FORM,"FormFactor, Inc. - Common Stock",NASDAQ,139.8,1892795,264612741,,no
424,CFG,"Citizens Financial Group, Inc. Common Stock",NYSE,63.07,4193777,264501515,,no
425,JBHT,"J.B. Hunt Transport Services, Inc. - Common Stock",NASDAQ,222.64,1186018,264055047,,no
426,WRB,W.R. Berkley Corporation Common Stock,NYSE,69.73,3782872,263779664,,no
427,VICR,Vicor Corporation - Common Stock,NASDAQ,282.78,931986,263547001,,no
428,TOST,"Toast, Inc. Class A Common Stock",NYSE,30.55,8623954,263461794,,no
429,CHRW,"C.H. Robinson Worldwide, Inc. - Common Stock",NASDAQ,135.18,1948545,263404313,,no
430,INSM,Insmed Incorporated - Common Stock,NASDAQ,101.74,2569781,261449518,,no
431,LH,Labcorp Holdings Inc. Common Stock,NYSE,311.97,837654,261322918,,no
432,ONTO,Onto Innovation Inc. Common Stock,NYSE,304.4,857868,261135019,,no
433,ARES,Ares Management Corporation Class A Common Stock,NYSE,115.75,2255618,261087783,,no
434,FFIV,"F5, Inc. - Common Stock",NASDAQ,466.65,559450,261067342,,no
435,SU,Suncor Energy  Inc. Common Stock,NYSE,68.14,3831272,261062874,,no
436,CMS,CMS Energy Corporation Common Stock,NYSE,65.07,4010027,260932456,,no
437,CLX,Clorox Company (The) Common Stock,NYSE,82.21,3173550,260897545,,no
438,APA,APA Corporation - Common Stock,NASDAQ,43.81,5952863,260794928,,no
439,WWD,"Woodward, Inc. - Common Stock",NASDAQ,324.25,797131,258469726,,no
440,MOD,Modine Manufacturing Company Common Stock,NYSE,189.44,1364386,258469283,,no
441,GME,GameStop Corporation Common Stock,NYSE,24.58,10463154,257184325,,no
442,ENB,Enbridge Inc Common Stock,NYSE,45.89,5580136,256072441,,no
443,RF,Regions Financial Corporation Common Stock,NYSE,26.7,9547550,254919585,,no
444,ALB,Albemarle Corporation Common Stock,NYSE,102.75,2478154,254630323,,no
445,PSA,Public Storage Common Stock,NYSE,281.99,901904,254327908,,no
446,LUV,Southwest Airlines Company Common Stock,NYSE,41.72,6086427,253925734,,no
447,SPG,"Simon Property Group, Inc. Common Stock",NYSE,197.59,1285013,253905718,,no
448,DTE,DTE Energy Company Common Stock,NYSE,127.24,1982004,252190188,,no
449,GDDY,GoDaddy Inc. Class A Common Stock,NYSE,97.21,2589286,251704492,,no
450,W,Wayfair Inc. Class A Common Stock,NYSE,104.47,2405968,251351476,,no
451,USFD,US Foods Holding Corp. Common Stock,NYSE,96.05,2612350,250916217,,no
452,IOT,Samsara Inc. Class A Common Stock,NYSE,40.51,6169086,249909673,,no
453,CCI,Crown Castle Inc. Common Stock,NYSE,69.01,3614000,249402140,,no
454,DOW,Dow Inc. Common Stock,NYSE,27.77,8953522,248639305,,no
455,ROL,"Rollins, Inc. Common Stock",NYSE,30.87,8016881,247481116,,no
456,VRSN,"VeriSign, Inc. - Common Stock",NASDAQ,294.22,835995,245966448,,no
457,ASST,"Strive, Inc. - Class A Common Stock",NASDAQ,28.18,8655454,243910693,,no
458,BIIB,Biogen Inc. - Common Stock,NASDAQ,222.15,1097945,243908481,,no
459,FDS,FactSet Research Systems Inc. Common Stock,NYSE,272.78,894081,243887415,,no
460,LSCC,Lattice Semiconductor Corporation - Common Stock,NASDAQ,130.99,1857463,243309078,,no
461,GEHC,GE HealthCare Technologies Inc. - Common Stock,NASDAQ,64.67,3762045,243291450,,no
462,FTAI,FTAI Aviation Ltd. - Common Stock,NASDAQ,174.83,1389772,242973838,,no
463,DOV,Dover Corporation Common Stock,NYSE,188.29,1286981,242325652,,no
464,GWRE,"Guidewire Software, Inc. Common Stock",NYSE,163.98,1476150,242059076,,no
465,AWK,"American Water Works Company, Inc. Common Stock",NYSE,127.38,1898850,241875513,,no
466,MP,MP Materials Corp. Common Stock,NYSE,46.31,5217090,241603437,,no
467,HSY,The Hershey Company Common Stock,NYSE,160.34,1502909,240976429,,no
468,PPL,PPL Corporation Common Stock,NYSE,33.95,7053609,239470025,,no
469,TTMI,"TTM Technologies, Inc. - Common Stock",NASDAQ,128.2,1866136,239238635,,no
470,VICI,VICI Properties Inc. Common Stock,NYSE,22.64,10493277,237567791,,no
471,ETSY,"Etsy, Inc. Common Stock",NYSE,71.49,3321627,237463114,,no
472,MTB,M&T Bank Corporation Common Stock,NYSE,216.63,1093154,236809951,,no
473,RL,Ralph Lauren Corporation Common Stock,NYSE,361.14,652790,235748580,,no
474,OMC,Omnicom Group Inc. Common Stock,NYSE,74.87,3137463,234901854,,no
475,KNX,Knight-Swift Transportation Holdings Inc.,NYSE,63.62,3691818,234873461,,no
476,ED,"Consolidated Edison, Inc. Common Stock",NYSE,104.64,2238945,234283204,,no
477,AEHR,Aehr Test Systems - Common Stock,NASDAQ,89.37,2621063,234244400,,no
478,BHP,BHP Group Limited American Depositary Shares (Each representing two Ordinary Shares),NYSE,85.22,2747081,234106242,,no
479,WPM,Wheaton Precious Metals Corp Common Shares (Canada),NYSE,133.69,1750668,234046804,,no
480,VKTX,"Viking Therapeutics, Inc. - Common Stock",NASDAQ,28.54,8188050,233686947,,no
481,CVE,Cenovus Energy Inc Common Stock,NYSE,30.63,7623872,233519199,,no
482,HIG,"The Hartford Insurance Group, Inc. Common Stock",NYSE,126.92,1839645,233487743,,no
483,PODD,Insulet Corporation - Common Stock,NASDAQ,134.36,1729595,232388384,,no
484,WST,"West Pharmaceutical Services, Inc. Common Stock",NYSE,366.48,633277,232083354,,no
485,HDB,HDFC Bank Limited Common Stock,NYSE,22.14,10383304,229886350,,no
486,PR,Permian Resources Corporation Class A Common Stock,NYSE,22.17,10365504,229803223,,no
487,STLD,"Steel Dynamics, Inc. - Common Stock",NASDAQ,234.09,978450,229045360,,no
488,FWONK,Liberty Media Corporation - Series C Common Stock,NASDAQ,95.52,2395422,228810709,,no
489,NI,NiSource Inc Common Stock,NYSE,40.54,5640331,228659018,,no
490,QSR,Restaurant Brands International Inc. Common Shares,NYSE,69.43,3292568,228602996,,no
491,AFL,AFLAC Incorporated Common Stock,NYSE,112.74,2027668,228599290,,no
492,TYL,"Tyler Technologies, Inc. Common Stock",NYSE,332.34,687018,228323562,,no
493,DPZ,Domino's Pizza Inc - Common Stock,NASDAQ,303.1,753209,228297647,,no
494,TD,Toronto Dominion Bank (The) Common Stock,NYSE,113.87,2000681,227817545,,no
495,NYT,New York Times Company (The) Common Stock,NYSE,64.9,3493550,226731395,,no
496,FLUT,Flutter Entertainment plc Ordinary Shares,NYSE,75.85,2984095,226343605,,no
497,WAB,Westinghouse Air Brake Technologies Corporation Common Stock,NYSE,282.44,800627,226129089,,no
498,TECH,Bio-Techne Corp - Common Stock,NASDAQ,72.53,3117440,226107923,,no
499,GRMN,Garmin Ltd. Common Stock (Switzerland),NYSE,276.16,815354,225168160,,no
500,PENG,"Penguin Solutions, Inc. - Common Stock",NASDAQ,72.61,3080527,223677065,,no
