mode,symbol,entry_time,entry_price,shares,exit_reason,held_minutes,gross_pnl,minutes_since_open,vwap_dist_pct,mom3_pct,volume_ratio,range20_pct,ret15_pct,ext30_pct,ext_from_open_pct,spy_ret_open_pct,spy_ret_15m_pct,spy_vs_vwap_pct,rs15_vs_spy_pct,spread_pct,max_up_pct,max_down_pct
fixed,NVDA,2026-10-05 10:22:00-04:00,236.92,12,time_stop,15,4.8,52,0.0157,0.1692,16.828,0.1057,0.0004,-0.2203,0.3643,0.395,0.1776,0.1454,-0.1772,0.0085,0.1857,-0.0506
fixed,NVDA,2026-10-05 13:00:00-04:00,237.13,12,time_stop,15,3.18,210,0.0903,0.2325,2.83,0.0636,0.3279,0.4424,0.4533,0.5708,-0.039,0.1657,0.3669,0.0085,0.1813,-0.059
fixed,NVDA,2026-10-07 15:54:00-04:00,237.67,12,stop,6,-5.7,384,0.1268,0.1791,3.22,0.0523,0.3081,0.2446,-0.0021,0.2127,0.072,0.1728,0.2361,0.0085,0.1809,-1.5989
fixed,AAPL,2026-10-08 10:22:00-04:00,337.175,8,time_stop,15,1.96,52,0.0424,0.1679,2.007,0.0797,-0.0341,-0.0295,0.1024,0.182,0.0438,0.1557,-0.0779,0.0118,0.3159,-0.043
fixed,TSLA,2026-10-01 11:55:00-04:00,357.139,8,target,8,10.0,145,0.0558,0.2304,18.76,0.1109,0.0151,-0.3588,0.0922,-0.5338,-0.0223,-0.0557,0.0375,0.0188,0.3531,-0.0949
fixed,TSLA,2026-10-02 09:30:00-04:00,362.455,8,target,1,10.15,0,0.1971,2.2238,8.744,0.1712,,,0.6596,-0.0383,,-0.0182,,0.0188,0.9174,-0.0207
fixed,AMZN,2026-10-05 09:35:00-04:00,251.115,11,target,2,9.67,5,0.0457,0.1895,6.553,0.1804,,,0.3737,0.1637,,0.0982,,0.0193,0.4281,0.0
fixed,AMZN,2026-10-08 12:17:00-04:00,258.965,11,stop,2,-5.7,167,0.0418,0.3546,3.802,0.0663,0.2846,0.2613,-0.2907,0.1884,0.2466,0.1735,0.038,0.0193,0.0135,-0.2684
fixed,INTC,2026-10-06 09:30:00-04:00,117.88,25,stop,1,-5.89,0,0.3177,1.5463,8.821,0.165,,,0.7005,0.0565,,0.0257,,0.0187,0.2715,-0.9416
fixed,INTC,2026-10-06 14:04:00-04:00,115.02,26,time_stop,15,-2.08,274,0.1007,0.183,2.414,0.1078,0.6828,0.7271,-1.7427,0.2532,0.0192,-0.0567,0.6635,0.0187,0.2,-0.1304
fixed,BAC,2026-10-06 11:24:00-04:00,54.25,55,stop,15,-5.97,114,0.0965,0.2124,2.623,0.0821,0.5095,0.2217,-0.0369,0.4176,0.0858,0.2563,0.4237,0.0189,0.0553,-0.2028
fixed,F,2026-10-02 15:47:00-04:00,12.125,247,stop,2,-5.99,377,0.2439,0.4141,2.624,0.1445,0.0825,0.0,-1.4228,-0.0863,0.0578,0.028,0.0247,0.0827,0.0412,-0.2062
fixed,F,2026-10-05 15:56:00-04:00,12.155,246,target,4,10.47,386,0.1105,0.1648,2.65,0.1389,0.4961,0.2086,0.0412,0.595,-0.1728,0.1348,0.6688,0.0827,0.6993,-0.1234
fixed,F,2026-10-06 15:32:00-04:00,12.195,246,stop,3,-6.0,362,0.0194,0.1939,4.035,0.1046,0.0,-0.2046,-0.041,0.1992,-0.023,-0.0857,0.023,0.0827,0.041,-0.205
fixed,T,2026-10-02 09:31:00-04:00,24.378,123,stop,1,-6.0,1,0.1251,0.2942,2.23,0.113,,,0.0739,-0.135,,-0.1087,,0.0406,-0.0328,-0.2338
fixed,T,2026-10-05 15:54:00-04:00,24.105,124,target,2,10.46,384,0.0189,0.1662,2.43,0.0874,0.1246,0.1662,-0.6799,0.5976,-0.1998,0.1383,0.3244,0.0406,0.4356,0.0
fixed,T,2026-10-08 09:30:00-04:00,24.595,121,target,2,10.42,0,0.0271,0.4698,2.316,0.1252,,,-0.1015,-0.0336,,-0.0103,,0.0406,0.3863,-0.061
fixed,T,2026-10-08 10:01:00-04:00,24.69,121,stop,2,-5.97,31,0.1419,0.3455,15.129,0.124,0.1379,0.4063,0.2843,0.0426,0.0181,0.0402,0.1198,0.0406,0.2228,-0.3038
fixed,AAL,2026-10-05 11:49:00-04:00,12.935,231,target,13,10.46,139,0.2286,0.2325,2.347,0.1177,0.4278,0.6223,-0.2314,0.4729,0.0362,0.1249,0.3916,0.0785,0.4252,-0.116
fixed,AAL,2026-10-05 14:59:00-04:00,12.91,232,stop,5,-5.99,329,0.0244,0.1552,2.072,0.0985,0.3108,0.1163,-0.4242,0.7639,0.0606,0.3391,0.2502,0.0785,0.0,-0.2324
fixed,AAL,2026-10-06 11:02:00-04:00,13.11,228,target,4,10.46,92,0.0187,0.2294,2.007,0.1449,0.1911,0.4444,0.7686,0.3071,0.0769,0.1619,0.1141,0.0785,0.4279,-0.1526
fixed,AAL,2026-10-07 10:46:00-04:00,12.7646,235,time_stop,15,-2.26,76,0.0236,0.271,2.593,0.1186,0.0753,-0.1275,-0.2921,-0.2359,-0.0942,-0.1164,0.1695,0.0785,0.1206,-0.1927
fixed,AAL,2026-10-08 12:17:00-04:00,12.76,235,stop,1,-6.0,167,0.4093,0.7501,6.972,0.1724,1.0293,0.6905,0.9494,0.1884,0.2466,0.1735,0.7827,0.0785,-0.0008,-0.431
fixed,SOFI,2026-10-05 13:03:00-04:00,16.005,187,stop,6,-5.99,213,0.277,0.3763,5.663,0.1066,0.2505,0.3763,1.4915,0.5522,-0.0439,0.147,0.2945,0.065,0.0937,-0.218
fixed,SOFI,2026-10-06 09:30:00-04:00,16.08,186,stop,1,-5.98,0,0.1038,0.915,6.496,0.1658,,,0.3745,0.0565,,0.0257,,0.065,0.0933,-0.3731
fixed,SOFI,2026-10-08 12:17:00-04:00,15.395,194,stop,1,-5.97,167,0.0522,0.4568,8.783,0.1452,0.6209,0.5224,-0.0325,0.1884,0.2466,0.1735,0.3743,0.065,-0.0325,-0.4222
fixed,SMCI,2026-10-02 14:32:00-04:00,43.63,68,stop,1,-5.93,302,0.0781,0.2214,2.737,0.1196,0.5184,0.5647,1.9988,-0.1823,0.0429,-0.0735,0.4755,0.0236,0.0458,-0.275
fixed,SMCI,2026-10-05 10:09:00-04:00,43.57,68,target,11,10.37,39,0.3969,0.5539,2.096,0.2766,0.6236,0.3108,-0.1146,0.2736,0.1812,0.1644,0.4424,0.0236,0.5279,-0.1148
fixed,SMCI,2026-10-05 14:13:00-04:00,43.545,68,stop,10,-5.92,283,0.0607,0.161,5.937,0.0736,0.0115,-0.023,-0.1719,0.6496,-0.009,0.236,0.0205,0.0236,0.0689,-0.2067
fixed,SMCI,2026-10-06 09:30:00-04:00,43.865,68,stop,2,-5.97,0,0.0761,1.7277,5.665,0.1782,,,-0.0456,0.0565,,0.0257,,0.0236,0.3078,-0.5784
fixed,NIO,2026-10-02 10:41:00-04:00,3.425,875,time_stop,15,-4.29,71,0.0634,0.1696,2.02,0.3052,0.4369,0.2928,-0.436,0.2394,0.0006,0.1224,0.4363,0.2963,0.146,-0.146
fixed,NIO,2026-10-02 15:02:00-04:00,3.3999,882,stop,1,-6.0,332,0.1197,0.292,2.404,0.2947,0.1443,0.4402,-1.1657,-0.17,0.0085,-0.0608,0.1359,0.2963,0.0029,-0.2912
fixed,NIO,2026-10-02 15:10:00-04:00,3.4,882,stop,1,-6.0,340,0.1228,0.2654,2.638,0.2874,0.295,0.292,-1.1628,-0.2024,-0.0338,-0.0931,0.3288,0.2963,0.0,-0.2059
fixed,NIO,2026-10-02 15:18:00-04:00,3.405,881,time_stop,15,0.0,348,0.2688,0.2946,8.811,0.29,0.4366,0.2946,-1.0174,-0.1415,0.0273,-0.032,0.4093,0.2963,0.1468,-0.1468
fixed,NIO,2026-10-05 09:30:00-04:00,3.42,877,stop,1,-6.0,0,0.0488,1.3333,5.811,0.318,,,0.0,0.052,,0.0199,,0.2963,0.0,-0.2924
fixed,NIO,2026-10-05 10:02:00-04:00,3.46,867,stop,1,-6.0,32,0.6784,0.8746,4.479,0.3915,-0.1443,1.0219,1.1696,0.1507,0.0324,0.0597,-0.1767,0.2963,0.0,-0.289
fixed,NIO,2026-10-06 11:02:00-04:00,3.4113,879,stop,2,-6.0,92,0.0152,0.3323,2.15,0.2937,0.3323,0.185,-0.1083,0.3071,0.0769,0.1619,0.2554,0.2963,0.255,-0.3283
fixed,NIO,2026-10-07 10:14:00-04:00,3.4494,869,stop,1,-6.0,44,0.164,0.2733,2.093,0.3191,0.4192,0.2733,-0.0174,-0.1869,-0.06,-0.1074,0.4792,0.2963,-0.0232,-0.2725
fixed,SNAP,2026-10-05 12:29:00-04:00,5.705,525,stop,2,-5.99,179,0.3528,0.4401,6.07,0.2182,0.8842,0.7951,2.0572,0.5094,0.0544,0.1076,0.8297,0.1723,0.0876,-0.2629
fixed,SNAP,2026-10-06 10:28:00-04:00,5.67,529,target,4,10.5,58,0.1976,0.2652,2.774,0.2224,0.354,0.354,-0.5263,0.1388,-0.107,0.0046,0.461,0.1723,0.3527,-0.1764
fixed,PATH,2026-10-01 10:07:00-04:00,13.135,228,target,2,10.48,37,0.0855,0.6506,2.472,0.2866,0.6513,-0.7181,0.4973,-0.528,-0.472,-0.384,1.1234,0.0762,0.5329,-0.0838
fixed,PATH,2026-10-02 12:37:00-04:00,13.1111,228,time_stop,15,3.17,187,0.0267,0.1612,2.691,0.0894,0.3529,0.0466,-2.2654,-0.1596,-0.0208,-0.0628,0.3737,0.0762,0.2967,-0.1228
fixed,PATH,2026-10-02 15:58:00-04:00,13.115,228,stop,2,-5.98,388,0.0639,0.2293,6.011,0.1615,0.5366,0.2293,-2.2363,-0.1337,-0.0026,-0.0194,0.5392,0.0762,0.2669,-0.6481
fixed,PATH,2026-10-06 10:08:00-04:00,13.265,226,target,2,10.49,38,0.3634,0.7213,2.038,0.2561,0.4544,-0.0753,0.3404,0.2647,0.145,0.1428,0.3093,0.0762,0.4146,-0.0754
fixed,PATH,2026-10-06 12:03:00-04:00,13.195,227,time_stop,15,-4.54,153,0.0452,0.1754,2.28,0.0997,0.4178,0.2279,-0.1891,0.3855,0.0013,0.0557,0.4165,0.0762,0.0379,-0.1895
fixed,PATH,2026-10-06 15:58:00-04:00,13.125,228,target,2,10.47,388,0.0251,0.3824,4.845,0.1452,1.0004,1.0004,-0.7186,0.1394,-0.0327,-0.1237,1.0331,0.0762,0.6476,-0.419
fixed,PATH,2026-10-08 12:17:00-04:00,13.075,229,stop,2,-5.99,167,0.1851,0.4232,5.129,0.1236,0.5383,0.3839,-0.0382,0.1884,0.2466,0.1735,0.2916,0.0762,0.0,-0.3442
fixed,PATH,2026-10-08 12:26:00-04:00,13.075,229,time_stop,15,0.0,176,0.1859,0.1923,2.131,0.1525,0.4996,0.4224,-0.0382,0.1058,0.1157,0.0895,0.3839,0.0762,0.1912,-0.1147
fixed,AMD,2026-10-01 10:34:00-04:00,610.22,4,stop,1,-4.88,64,0.1408,0.4599,2.156,0.2514,0.9579,0.8128,-0.1285,-0.3702,0.1249,-0.1385,0.833,0.0503,0.0008,-0.2425
fixed,MSFT,2026-10-01 13:30:00-04:00,515.74,5,time_stop,15,1.9,240,0.1007,0.1904,2.473,0.0674,0.2917,0.5871,-0.7963,0.0409,0.3481,0.4274,-0.0564,0.0211,0.1474,-0.0427
fixed,MSFT,2026-10-02 09:30:00-04:00,520.8,5,stop,1,-5.21,0,0.0916,1.5987,6.624,0.1008,,,0.3285,-0.0383,,-0.0182,,0.0211,-0.0182,-0.3475
fixed,MSFT,2026-10-06 09:30:00-04:00,531.24,5,stop,1,-5.31,0,0.0427,1.2213,6.268,0.1334,,,-0.0828,0.0565,,0.0257,,0.0211,0.0649,-0.4555
fixed,MSFT,2026-10-08 10:35:00-04:00,531.1801,5,time_stop,15,1.4,65,0.0122,0.1846,2.684,0.0836,0.1225,0.0415,0.3381,0.2013,0.0438,0.1512,0.0787,0.0211,0.1071,-0.0866
fixed,MSFT,2026-10-08 12:17:00-04:00,531.67,5,time_stop,15,-2.6,167,0.1527,0.3151,2.659,0.0763,0.3295,0.1809,0.4307,0.1884,0.2466,0.1735,0.0829,0.0211,0.0245,-0.1674
fixed,META,2026-10-01 11:20:00-04:00,729.04,4,stop,2,-5.83,110,0.0996,0.3676,5.135,0.1467,0.4735,0.4685,0.0707,-0.5102,0.1251,-0.0762,0.3485,0.0278,0.0549,-0.24
fixed,META,2026-10-01 11:56:00-04:00,728.4,4,stop,4,-5.83,146,0.0277,0.165,2.652,0.1065,0.3624,0.0694,-0.0172,-0.5076,0.0737,-0.0294,0.2887,0.0278,0.0824,-0.2801
fixed,META,2026-10-01 13:30:00-04:00,729.695,4,stop,4,-5.84,240,0.2077,0.2721,2.546,0.0959,0.3128,0.2645,0.1606,0.0409,0.3481,0.4274,-0.0353,0.0278,-0.0273,-0.2158
fixed,META,2026-10-02 09:30:00-04:00,738.48,4,target,1,10.34,0,0.1927,1.7989,9.32,0.1398,,,0.7194,-0.0383,,-0.0182,,0.0278,0.3832,-0.1733
fixed,META,2026-10-06 09:30:00-04:00,745.99,4,stop,1,-5.97,0,0.034,0.6157,11.853,0.1015,,,-0.1085,0.0565,,0.0257,,0.0278,-0.0456,-0.4558
fixed,GOOGL,2026-10-02 09:39:00-04:00,342.93,8,target,3,9.6,9,0.0831,0.2089,7.42,0.2134,,,0.4732,0.0272,,0.0482,,0.0143,0.3558,-0.1371
fixed,NFLX,2026-10-07 11:11:00-04:00,68.88,43,stop,4,-5.92,101,0.0411,0.1898,2.754,0.0809,-0.0869,0.1964,0.1163,-0.1534,0.0555,0.0004,-0.1424,0.0141,0.0145,-0.2904
fixed,NFLX,2026-10-07 11:44:00-04:00,68.895,43,target,3,10.37,134,0.1112,0.1599,2.491,0.0844,0.5253,0.1526,0.1381,0.0246,0.1602,0.1325,0.3651,0.0141,0.3701,0.0218
fixed,MU,2026-10-08 12:17:00-04:00,1072.1899,2,stop,1,-4.29,167,0.1419,0.4789,6.561,0.1131,0.7669,0.6161,-0.4817,0.1884,0.2466,0.1735,0.5202,0.0298,0.0289,-0.2481
fixed,PLTR,2026-10-05 09:30:00-04:00,190.215,15,stop,1,-5.71,0,0.2283,0.8991,5.531,0.1578,,,0.563,0.052,,0.0199,,0.0415,0.2287,-0.5494
fixed,PLTR,2026-10-05 13:32:00-04:00,189.03,15,time_stop,15,3.0,242,0.0375,0.1536,3.837,0.0745,0.1908,0.4917,-0.0634,0.5905,0.0103,0.1825,0.1805,0.0415,0.2222,-0.0913
fixed,PLTR,2026-10-06 14:17:00-04:00,193.1527,15,stop,7,-5.79,287,0.1193,0.1829,4.225,0.0689,0.2844,0.48,1.1271,0.2538,0.0019,-0.0558,0.2824,0.0415,0.0089,-0.2603
fixed,PLTR,2026-10-06 15:30:00-04:00,193.11,15,stop,11,-5.79,360,0.1108,0.1738,2.545,0.0753,0.231,0.3847,1.1047,0.1953,-0.0333,-0.0896,0.2643,0.0415,0.0725,-0.2071
fixed,PLTR,2026-10-08 09:31:00-04:00,199.41,15,target,1,10.47,1,0.3278,2.7516,5.739,0.2069,,,0.206,0.009,,0.0281,,0.0415,1.2738,-0.0853
fixed,HOOD,2026-10-01 10:35:00-04:00,112.76,26,target,1,10.26,65,0.3042,0.4186,2.08,0.2315,0.8316,0.9489,0.7685,-0.4056,0.0815,-0.1723,0.7501,0.0366,0.47,-0.0532
fixed,HOOD,2026-10-01 15:02:00-04:00,112.0399,26,target,13,10.2,332,0.0137,0.1564,3.043,0.0944,0.3357,0.4212,0.125,-0.0039,-0.0065,0.1915,0.3423,0.0366,0.4196,-0.1405
fixed,HOOD,2026-10-02 09:30:00-04:00,115.375,26,target,1,10.5,0,0.4877,3.8713,10.545,0.2195,,,1.5893,-0.0383,,-0.0182,,0.0366,1.1918,-0.0598
fixed,HOOD,2026-10-02 10:25:00-04:00,116.56,25,stop,3,-5.83,55,0.0155,0.6042,2.092,0.292,0.4307,0.7477,2.6327,0.205,0.0784,0.1332,0.3523,0.0366,0.103,-0.2231
fixed,HOOD,2026-10-07 11:49:00-04:00,108.32,27,target,2,10.24,139,0.0795,0.2684,2.113,0.0813,0.4358,0.3544,-0.0443,0.0632,0.1574,0.1698,0.2784,0.0366,0.3693,0.0
fixed,HOOD,2026-10-08 12:53:00-04:00,107.53,27,stop,3,-5.81,203,0.1513,0.163,4.018,0.142,-0.4628,-0.6009,0.233,-0.2349,-0.2323,-0.2431,-0.2305,0.0366,0.0651,-0.2929
fixed,UBER,2026-10-01 13:30:00-04:00,67.87,44,time_stop,15,8.36,240,0.1769,0.3549,2.131,0.0914,0.6973,0.7046,-0.9775,0.0409,0.3481,0.4274,0.3493,0.0288,0.3463,-0.1179
fixed,XOM,2026-10-01 13:54:00-04:00,163.17,18,target,3,10.28,264,0.0255,0.1842,2.389,0.0773,0.3135,0.2088,1.0341,-0.0706,-0.0602,0.233,0.3737,0.0296,0.3769,-0.003
fixed,XOM,2026-10-07 15:03:00-04:00,164.65,18,time_stop,15,-2.25,333,0.1487,0.1764,2.721,0.0518,0.4147,0.4576,-0.7535,0.2088,-0.0006,0.1748,0.4153,0.0296,0.1336,-0.1032
fixed,XOM,2026-10-08 09:30:00-04:00,167.045,17,target,1,9.94,0,0.0359,1.6769,3.175,0.0754,,,-0.0389,-0.0336,,-0.0103,,0.0296,0.4397,0.0
fixed,SPY,2026-10-08 12:17:00-04:00,776.32,3,time_stop,15,-1.95,167,0.1735,0.2078,13.679,0.0343,0.2466,0.2221,0.1884,0.1884,0.2466,0.1735,0.0,0.0026,0.0219,-0.1327
trail,NVDA,2026-10-05 10:22:00-04:00,236.92,12,time_stop,15,4.8,52,0.0157,0.1692,16.828,0.1057,0.0004,-0.2203,0.3643,0.395,0.1776,0.1454,-0.1772,0.0085,0.1857,-0.0506
trail,NVDA,2026-10-05 13:00:00-04:00,237.13,12,time_stop,15,3.18,210,0.0903,0.2325,2.83,0.0636,0.3279,0.4424,0.4533,0.5708,-0.039,0.1657,0.3669,0.0085,0.1813,-0.059
trail,NVDA,2026-10-07 15:54:00-04:00,237.67,12,trail_stop,1,0.87,384,0.1268,0.1791,3.22,0.0523,0.3081,0.2446,-0.0021,0.2127,0.072,0.1728,0.2361,0.0085,0.1809,-0.0252
trail,AAPL,2026-10-08 10:22:00-04:00,337.175,8,trail_stop,13,4.46,52,0.0424,0.1679,2.007,0.0797,-0.0341,-0.0295,0.1024,0.182,0.0438,0.1557,-0.0779,0.0118,0.3159,-0.043
trail,TSLA,2026-10-01 11:55:00-04:00,357.139,8,trail_stop,10,5.79,145,0.0558,0.2304,18.76,0.1109,0.0151,-0.3588,0.0922,-0.5338,-0.0223,-0.0557,0.0375,0.0188,0.3531,-0.0949
trail,TSLA,2026-10-02 09:30:00-04:00,362.455,8,trail_stop,1,22.21,0,0.1971,2.2238,8.744,0.1712,,,0.6596,-0.0383,,-0.0182,,0.0188,0.9174,-0.0207
trail,AMZN,2026-10-05 09:35:00-04:00,251.115,11,trail_stop,1,3.49,5,0.0457,0.1895,6.553,0.1804,,,0.3737,0.1637,,0.0982,,0.0193,0.2768,0.0
trail,AMZN,2026-10-08 12:17:00-04:00,258.965,11,stop,2,-5.7,167,0.0418,0.3546,3.802,0.0663,0.2846,0.2613,-0.2907,0.1884,0.2466,0.1735,0.038,0.0193,0.0135,-0.2684
trail,INTC,2026-10-06 09:30:00-04:00,117.88,25,stop,1,-5.89,0,0.3177,1.5463,8.821,0.165,,,0.7005,0.0565,,0.0257,,0.0187,0.2715,-0.9416
trail,INTC,2026-10-06 14:04:00-04:00,115.02,26,trail_stop,4,1.49,274,0.1007,0.183,2.414,0.1078,0.6828,0.7271,-1.7427,0.2532,0.0192,-0.0567,0.6635,0.0187,0.2,0.0001
trail,BAC,2026-10-06 11:24:00-04:00,54.25,55,stop,15,-5.97,114,0.0965,0.2124,2.623,0.0821,0.5095,0.2217,-0.0369,0.4176,0.0858,0.2563,0.4237,0.0189,0.0553,-0.2028
trail,F,2026-10-02 15:47:00-04:00,12.125,247,stop,2,-5.99,377,0.2439,0.4141,2.624,0.1445,0.0825,0.0,-1.4228,-0.0863,0.0578,0.028,0.0247,0.0827,0.0412,-0.2062
trail,F,2026-10-05 15:56:00-04:00,12.155,246,trail_stop,4,16.39,386,0.1105,0.1648,2.65,0.1389,0.4961,0.2086,0.0412,0.595,-0.1728,0.1348,0.6688,0.0827,0.6993,-0.1234
trail,F,2026-10-06 15:32:00-04:00,12.195,246,stop,3,-6.0,362,0.0194,0.1939,4.035,0.1046,0.0,-0.2046,-0.041,0.1992,-0.023,-0.0857,0.023,0.0827,0.041,-0.205
trail,T,2026-10-02 09:31:00-04:00,24.378,123,stop,1,-6.0,1,0.1251,0.2942,2.23,0.113,,,0.0739,-0.135,,-0.1087,,0.0406,-0.0328,-0.2338
trail,T,2026-10-05 15:54:00-04:00,24.105,124,trail_stop,1,4.18,384,0.0189,0.1662,2.43,0.0874,0.1246,0.1662,-0.6799,0.5976,-0.1998,0.1383,0.3244,0.0406,0.2904,0.0
trail,T,2026-10-08 09:30:00-04:00,24.595,121,trail_stop,1,5.81,0,0.0271,0.4698,2.316,0.1252,,,-0.1015,-0.0336,,-0.0103,,0.0406,0.3456,-0.061
trail,T,2026-10-08 10:01:00-04:00,24.69,121,trail_stop,1,2.16,31,0.1419,0.3455,15.129,0.124,0.1379,0.4063,0.2843,0.0426,0.0181,0.0402,0.1198,0.0406,0.2228,-0.0608
trail,AAL,2026-10-05 11:49:00-04:00,12.935,231,trail_stop,9,1.28,139,0.2286,0.2325,2.347,0.1177,0.4278,0.6223,-0.2314,0.4729,0.0362,0.1249,0.3916,0.0785,0.1933,-0.116
trail,AAL,2026-10-05 14:59:00-04:00,12.91,232,stop,5,-5.99,329,0.0244,0.1552,2.072,0.0985,0.3108,0.1163,-0.4242,0.7639,0.0606,0.3391,0.2502,0.0785,0.0,-0.2324
trail,AAL,2026-10-06 11:02:00-04:00,13.11,228,trail_stop,4,8.29,92,0.0187,0.2294,2.007,0.1449,0.1911,0.4444,0.7686,0.3071,0.0769,0.1619,0.1141,0.0785,0.4279,-0.1526
trail,AAL,2026-10-07 10:46:00-04:00,12.7646,235,time_stop,15,-2.26,76,0.0236,0.271,2.593,0.1186,0.0753,-0.1275,-0.2921,-0.2359,-0.0942,-0.1164,0.1695,0.0785,0.1206,-0.1927
trail,AAL,2026-10-08 12:17:00-04:00,12.76,235,stop,1,-6.0,167,0.4093,0.7501,6.972,0.1724,1.0293,0.6905,0.9494,0.1884,0.2466,0.1735,0.7827,0.0785,-0.0008,-0.431
trail,SOFI,2026-10-05 13:03:00-04:00,16.005,187,stop,6,-5.99,213,0.277,0.3763,5.663,0.1066,0.2505,0.3763,1.4915,0.5522,-0.0439,0.147,0.2945,0.065,0.0937,-0.218
trail,SOFI,2026-10-06 09:30:00-04:00,16.08,186,stop,1,-5.98,0,0.1038,0.915,6.496,0.1658,,,0.3745,0.0565,,0.0257,,0.065,0.0933,-0.3731
trail,SOFI,2026-10-08 12:17:00-04:00,15.395,194,stop,1,-5.97,167,0.0522,0.4568,8.783,0.1452,0.6209,0.5224,-0.0325,0.1884,0.2466,0.1735,0.3743,0.065,-0.0325,-0.4222
trail,SMCI,2026-10-02 14:32:00-04:00,43.63,68,stop,1,-5.93,302,0.0781,0.2214,2.737,0.1196,0.5184,0.5647,1.9988,-0.1823,0.0429,-0.0735,0.4755,0.0236,0.0458,-0.275
trail,SMCI,2026-10-05 10:09:00-04:00,43.57,68,trail_stop,7,2.01,39,0.3969,0.5539,2.096,0.2766,0.6236,0.3108,-0.1146,0.2736,0.1812,0.1644,0.4424,0.0236,0.218,-0.1148
trail,SMCI,2026-10-05 14:13:00-04:00,43.545,68,stop,10,-5.92,283,0.0607,0.161,5.937,0.0736,0.0115,-0.023,-0.1719,0.6496,-0.009,0.236,0.0205,0.0236,0.0689,-0.2067
trail,SMCI,2026-10-06 09:30:00-04:00,43.865,68,trail_stop,1,4.69,0,0.0761,1.7277,5.665,0.1782,,,-0.0456,0.0565,,0.0257,,0.0236,0.3078,-0.1026
trail,NIO,2026-10-02 10:41:00-04:00,3.425,875,time_stop,15,-4.29,71,0.0634,0.1696,2.02,0.3052,0.4369,0.2928,-0.436,0.2394,0.0006,0.1224,0.4363,0.2963,0.146,-0.146
trail,NIO,2026-10-02 15:02:00-04:00,3.3999,882,stop,1,-6.0,332,0.1197,0.292,2.404,0.2947,0.1443,0.4402,-1.1657,-0.17,0.0085,-0.0608,0.1359,0.2963,0.0029,-0.2912
trail,NIO,2026-10-02 15:10:00-04:00,3.4,882,stop,1,-6.0,340,0.1228,0.2654,2.638,0.2874,0.295,0.292,-1.1628,-0.2024,-0.0338,-0.0931,0.3288,0.2963,0.0,-0.2059
trail,NIO,2026-10-02 15:18:00-04:00,3.405,881,time_stop,15,0.0,348,0.2688,0.2946,8.811,0.29,0.4366,0.2946,-1.0174,-0.1415,0.0273,-0.032,0.4093,0.2963,0.1468,-0.1468
trail,NIO,2026-10-05 09:30:00-04:00,3.42,877,stop,1,-6.0,0,0.0488,1.3333,5.811,0.318,,,0.0,0.052,,0.0199,,0.2963,0.0,-0.2924
trail,NIO,2026-10-05 10:02:00-04:00,3.46,867,stop,1,-6.0,32,0.6784,0.8746,4.479,0.3915,-0.1443,1.0219,1.1696,0.1507,0.0324,0.0597,-0.1767,0.2963,0.0,-0.289
trail,NIO,2026-10-06 11:02:00-04:00,3.4113,879,trail_stop,1,3.14,92,0.0152,0.3323,2.15,0.2937,0.3323,0.185,-0.1083,0.3071,0.0769,0.1619,0.2554,0.2963,0.255,-0.0381
trail,NIO,2026-10-07 10:14:00-04:00,3.4494,869,stop,1,-6.0,44,0.164,0.2733,2.093,0.3191,0.4192,0.2733,-0.0174,-0.1869,-0.06,-0.1074,0.4792,0.2963,-0.0232,-0.2725
trail,SNAP,2026-10-05 12:29:00-04:00,5.705,525,stop,2,-5.99,179,0.3528,0.4401,6.07,0.2182,0.8842,0.7951,2.0572,0.5094,0.0544,0.1076,0.8297,0.1723,0.0876,-0.2629
trail,SNAP,2026-10-06 10:28:00-04:00,5.67,529,trail_stop,3,0.78,58,0.1976,0.2652,2.774,0.2224,0.354,0.354,-0.5263,0.1388,-0.107,0.0046,0.461,0.1723,0.1764,-0.1764
trail,PATH,2026-10-01 10:07:00-04:00,13.135,228,trail_stop,1,1.2,37,0.0855,0.6506,2.472,0.2866,0.6513,-0.7181,0.4973,-0.528,-0.472,-0.384,1.1234,0.0762,0.1903,-0.0838
trail,PATH,2026-10-02 12:37:00-04:00,13.1111,228,trail_stop,10,2.1,187,0.0267,0.1612,2.691,0.0894,0.3529,0.0466,-2.2654,-0.1596,-0.0208,-0.0628,0.3737,0.0762,0.2204,-0.1228
trail,PATH,2026-10-02 15:58:00-04:00,13.115,228,stop,2,-5.98,388,0.0639,0.2293,6.011,0.1615,0.5366,0.2293,-2.2363,-0.1337,-0.0026,-0.0194,0.5392,0.0762,0.2669,-0.6481
trail,PATH,2026-10-06 10:08:00-04:00,13.265,226,trail_stop,2,7.91,38,0.3634,0.7213,2.038,0.2561,0.4544,-0.0753,0.3404,0.2647,0.145,0.1428,0.3093,0.0762,0.4146,-0.0754
trail,PATH,2026-10-06 12:03:00-04:00,13.195,227,time_stop,15,-4.54,153,0.0452,0.1754,2.28,0.0997,0.4178,0.2279,-0.1891,0.3855,0.0013,0.0557,0.4165,0.0762,0.0379,-0.1895
trail,PATH,2026-10-06 15:58:00-04:00,13.125,228,stop,2,-5.98,388,0.0251,0.3824,4.845,0.1452,1.0004,1.0004,-0.7186,0.1394,-0.0327,-0.1237,1.0331,0.0762,0.6476,-0.419
trail,PATH,2026-10-08 12:17:00-04:00,13.075,229,stop,2,-5.99,167,0.1851,0.4232,5.129,0.1236,0.5383,0.3839,-0.0382,0.1884,0.2466,0.1735,0.2916,0.0762,0.0,-0.3442
trail,PATH,2026-10-08 12:26:00-04:00,13.075,229,trail_stop,8,1.23,176,0.1859,0.1923,2.131,0.1525,0.4996,0.4224,-0.0382,0.1058,0.1157,0.0895,0.3839,0.0762,0.1912,-0.1147
trail,AMD,2026-10-01 10:34:00-04:00,610.22,4,stop,1,-4.88,64,0.1408,0.4599,2.156,0.2514,0.9579,0.8128,-0.1285,-0.3702,0.1249,-0.1385,0.833,0.0503,0.0008,-0.2425
trail,MSFT,2026-10-01 13:30:00-04:00,515.74,5,time_stop,15,1.9,240,0.1007,0.1904,2.473,0.0674,0.2917,0.5871,-0.7963,0.0409,0.3481,0.4274,-0.0564,0.0211,0.1474,-0.0427
trail,MSFT,2026-10-02 09:30:00-04:00,520.8,5,stop,1,-5.21,0,0.0916,1.5987,6.624,0.1008,,,0.3285,-0.0383,,-0.0182,,0.0211,-0.0182,-0.3475
trail,MSFT,2026-10-06 09:30:00-04:00,531.24,5,stop,1,-5.31,0,0.0427,1.2213,6.268,0.1334,,,-0.0828,0.0565,,0.0257,,0.0211,0.0649,-0.4555
trail,MSFT,2026-10-08 10:35:00-04:00,531.1801,5,time_stop,15,1.4,65,0.0122,0.1846,2.684,0.0836,0.1225,0.0415,0.3381,0.2013,0.0438,0.1512,0.0787,0.0211,0.1071,-0.0866
trail,MSFT,2026-10-08 12:17:00-04:00,531.67,5,time_stop,15,-2.6,167,0.1527,0.3151,2.659,0.0763,0.3295,0.1809,0.4307,0.1884,0.2466,0.1735,0.0829,0.0211,0.0245,-0.1674
trail,META,2026-10-01 11:20:00-04:00,729.04,4,stop,2,-5.83,110,0.0996,0.3676,5.135,0.1467,0.4735,0.4685,0.0707,-0.5102,0.1251,-0.0762,0.3485,0.0278,0.0549,-0.24
trail,META,2026-10-01 11:56:00-04:00,728.4,4,stop,4,-5.83,146,0.0277,0.165,2.652,0.1065,0.3624,0.0694,-0.0172,-0.5076,0.0737,-0.0294,0.2887,0.0278,0.0824,-0.2801
trail,META,2026-10-01 13:30:00-04:00,729.695,4,stop,4,-5.84,240,0.2077,0.2721,2.546,0.0959,0.3128,0.2645,0.1606,0.0409,0.3481,0.4274,-0.0353,0.0278,-0.0273,-0.2158
trail,META,2026-10-02 09:30:00-04:00,738.48,4,trail_stop,1,6.87,0,0.1927,1.7989,9.32,0.1398,,,0.7194,-0.0383,,-0.0182,,0.0278,0.3832,-0.1733
trail,META,2026-10-06 09:30:00-04:00,745.99,4,stop,1,-5.97,0,0.034,0.6157,11.853,0.1015,,,-0.1085,0.0565,,0.0257,,0.0278,-0.0456,-0.4558
trail,GOOGL,2026-10-02 09:39:00-04:00,342.93,8,trail_stop,3,5.63,9,0.0831,0.2089,7.42,0.2134,,,0.4732,0.0272,,0.0482,,0.0143,0.3558,-0.1371
trail,NFLX,2026-10-07 11:11:00-04:00,68.88,43,stop,4,-5.92,101,0.0411,0.1898,2.754,0.0809,-0.0869,0.1964,0.1163,-0.1534,0.0555,0.0004,-0.1424,0.0141,0.0145,-0.2904
trail,NFLX,2026-10-07 11:44:00-04:00,68.895,43,trail_stop,3,6.51,134,0.1112,0.1599,2.491,0.0844,0.5253,0.1526,0.1381,0.0246,0.1602,0.1325,0.3651,0.0141,0.3701,0.0218
trail,MU,2026-10-08 12:17:00-04:00,1072.1899,2,stop,1,-4.29,167,0.1419,0.4789,6.561,0.1131,0.7669,0.6161,-0.4817,0.1884,0.2466,0.1735,0.5202,0.0298,0.0289,-0.2481
trail,PLTR,2026-10-05 09:30:00-04:00,190.215,15,stop,1,-5.71,0,0.2283,0.8991,5.531,0.1578,,,0.563,0.052,,0.0199,,0.0415,0.2287,-0.5494
trail,PLTR,2026-10-05 13:32:00-04:00,189.03,15,trail_stop,12,1.74,242,0.0375,0.1536,3.837,0.0745,0.1908,0.4917,-0.0634,0.5905,0.0103,0.1825,0.1805,0.0415,0.2116,-0.0913
trail,PLTR,2026-10-06 14:17:00-04:00,193.1527,15,stop,7,-5.79,287,0.1193,0.1829,4.225,0.0689,0.2844,0.48,1.1271,0.2538,0.0019,-0.0558,0.2824,0.0415,0.0089,-0.2603
trail,PLTR,2026-10-06 15:30:00-04:00,193.11,15,stop,11,-5.79,360,0.1108,0.1738,2.545,0.0753,0.231,0.3847,1.1047,0.1953,-0.0333,-0.0896,0.2643,0.0415,0.0725,-0.2071
trail,PLTR,2026-10-08 09:31:00-04:00,199.41,15,trail_stop,1,33.56,1,0.3278,2.7516,5.739,0.2069,,,0.206,0.009,,0.0281,,0.0415,1.2738,-0.0853
trail,HOOD,2026-10-01 10:35:00-04:00,112.76,26,trail_stop,1,9.36,65,0.3042,0.4186,2.08,0.2315,0.8316,0.9489,0.7685,-0.4056,0.0815,-0.1723,0.7501,0.0366,0.47,-0.0532
trail,HOOD,2026-10-01 15:02:00-04:00,112.0399,26,trail_stop,6,1.34,332,0.0137,0.1564,3.043,0.0944,0.3357,0.4212,0.125,-0.0039,-0.0065,0.1915,0.3423,0.0366,0.1964,-0.1405
trail,HOOD,2026-10-02 09:30:00-04:00,115.375,26,trail_stop,1,31.2,0,0.4877,3.8713,10.545,0.2195,,,1.5893,-0.0383,,-0.0182,,0.0366,1.1918,-0.0598
trail,HOOD,2026-10-02 10:25:00-04:00,116.56,25,stop,3,-5.83,55,0.0155,0.6042,2.092,0.292,0.4307,0.7477,2.6327,0.205,0.0784,0.1332,0.3523,0.0366,0.103,-0.2231
trail,HOOD,2026-10-07 11:49:00-04:00,108.32,27,trail_stop,1,2.89,139,0.0795,0.2684,2.113,0.0813,0.4358,0.3544,-0.0443,0.0632,0.1574,0.1698,0.2784,0.0366,0.2493,0.0
trail,HOOD,2026-10-08 12:53:00-04:00,107.53,27,stop,3,-5.81,203,0.1513,0.163,4.018,0.142,-0.4628,-0.6009,0.233,-0.2349,-0.2323,-0.2431,-0.2305,0.0366,0.0651,-0.2929
trail,UBER,2026-10-01 13:30:00-04:00,67.87,44,time_stop,15,8.36,240,0.1769,0.3549,2.131,0.0914,0.6973,0.7046,-0.9775,0.0409,0.3481,0.4274,0.3493,0.0288,0.3463,-0.1179
trail,XOM,2026-10-01 13:54:00-04:00,163.17,18,trail_stop,1,1.53,264,0.0255,0.1842,2.389,0.0773,0.3135,0.2088,1.0341,-0.0706,-0.0602,0.233,0.3737,0.0296,0.2022,-0.003
trail,XOM,2026-10-07 15:03:00-04:00,164.65,18,time_stop,15,-2.25,333,0.1487,0.1764,2.721,0.0518,0.4147,0.4576,-0.7535,0.2088,-0.0006,0.1748,0.4153,0.0296,0.1336,-0.1032
trail,XOM,2026-10-08 09:30:00-04:00,167.045,17,trail_stop,1,8.21,0,0.0359,1.6769,3.175,0.0754,,,-0.0389,-0.0336,,-0.0103,,0.0296,0.4397,0.0
trail,SPY,2026-10-08 12:17:00-04:00,776.32,3,time_stop,15,-1.95,167,0.1735,0.2078,13.679,0.0343,0.2466,0.2221,0.1884,0.1884,0.2466,0.1735,0.0,0.0026,0.0219,-0.1327
fixed,NVDA,2026-10-08 12:17:00-04:00,235.6,12,stop,3,-5.65,167,0.1116,0.1871,6.574,0.0648,0.1296,0.0552,0.2852,0.1884,0.2466,0.1855,-0.117,0.0085,0.0849,-0.2122
fixed,TSLA,2026-10-06 11:27:00-04:00,380.95,7,time_stop,15,-0.35,117,0.0409,0.1999,2.067,0.0762,0.1474,0.0131,-0.2853,0.4254,0.0756,0.0974,0.0718,0.0188,0.0971,-0.0814
fixed,TSLA,2026-10-06 15:32:00-04:00,380.71,7,time_stop,15,2.35,362,0.0244,0.1737,2.408,0.0694,0.2827,0.1426,-0.3481,0.2018,-0.023,-0.1276,0.3057,0.0188,0.1418,-0.0865
fixed,TSLA,2026-10-08 12:17:00-04:00,373.16,8,time_stop,15,-1.3,167,0.0172,0.301,4.709,0.0751,0.324,0.2605,-0.2566,0.1884,0.2466,0.1855,0.0773,0.0188,0.1222,-0.1393
fixed,TSLA,2026-10-09 09:32:00-04:00,384.505,7,stop,1,-5.38,2,0.5185,2.5237,2.008,0.1747,,,0.5557,0.0567,,0.0387,,0.0188,0.0689,-0.2835
fixed,AMZN,2026-10-02 09:30:00-04:00,252.5,11,stop,1,-5.55,0,0.1401,1.7694,9.558,0.0967,,,0.4855,-0.0383,,-0.0182,,0.0193,0.0911,-0.3842
fixed,AMZN,2026-10-09 09:30:00-04:00,256.605,11,target,2,9.88,0,0.039,0.9461,5.809,0.0987,,,0.119,0.0219,,0.0039,,0.0193,0.719,-0.113
fixed,BAC,2026-10-06 09:30:00-04:00,54.34,55,stop,1,-5.98,0,0.0491,0.5738,3.031,0.0919,,,0.129,0.0591,,0.0257,,0.0189,0.0184,-0.2392
fixed,F,2026-10-05 15:46:00-04:00,12.135,247,target,14,10.49,376,0.0347,0.3307,2.533,0.1312,0.3307,0.0,-0.1235,0.7003,-0.1269,0.2526,0.4576,0.0827,0.8653,-0.0824
fixed,T,2026-10-05 15:55:00-04:00,24.17,124,stop,13,-5.99,385,0.2104,0.5617,4.325,0.0988,0.3738,0.4046,-0.412,0.5862,-0.2021,0.1272,0.5758,0.0406,0.2896,-0.2396
fixed,T,2026-10-09 10:07:00-04:00,22.735,131,target,2,10.42,37,0.513,0.4418,2.626,0.3581,-0.4815,0.2646,1.5862,-0.009,0.0296,0.0055,-0.5111,0.0406,0.3959,-0.132
fixed,NIO,2026-10-08 15:54:00-04:00,3.4069,880,stop,1,-6.0,384,0.3077,0.3505,2.846,0.3476,0.3505,0.8317,-2.241,-0.1897,0.0091,-0.0895,0.3415,0.2963,0.091,-0.2025
fixed,SNAP,2026-10-05 14:44:00-04:00,5.6855,527,stop,1,-5.99,314,0.0434,0.3619,5.369,0.1665,-0.0791,0.0088,1.7084,0.7029,-0.0065,0.313,-0.0726,0.1723,-0.0088,-0.2726
fixed,SNAP,2026-10-05 15:30:00-04:00,5.69,527,stop,2,-6.0,360,0.1421,0.2643,4.966,0.1641,0.3527,0.2643,1.7889,0.8283,-0.0174,0.3983,0.3701,0.1723,0.0,-0.3251
fixed,SNAP,2026-10-05 15:39:00-04:00,5.685,527,stop,1,-5.99,369,0.0628,0.6017,2.069,0.2043,0.1762,0.4115,1.6995,0.799,-0.0515,0.3605,0.2277,0.1723,0.0,-0.2638
fixed,AMD,2026-10-05 15:59:00-04:00,631.91,4,target,1,8.85,389,0.0604,0.1719,3.502,0.0776,0.0085,-0.0538,0.2491,0.6821,-0.0825,0.2157,0.0911,0.0503,2.8327,2.3279
fixed,MSFT,2026-10-09 09:30:00-04:00,529.85,5,stop,1,-5.3,0,0.1052,1.3504,6.68,0.0895,,,0.3057,0.0219,,0.0039,,0.0211,0.0283,-0.5153
fixed,META,2026-10-05 09:30:00-04:00,734.575,4,target,1,10.28,0,0.3394,0.9459,9.335,0.1285,,,0.9926,0.052,,0.0199,,0.0278,0.3818,-0.0456
fixed,GOOGL,2026-10-02 09:30:00-04:00,342.4266,8,target,2,9.59,0,0.0675,1.2977,7.341,0.0955,,,0.3257,-0.0383,,-0.0182,,0.0143,0.5208,-0.1976
fixed,GOOGL,2026-10-02 11:08:00-04:00,344.72,8,stop,1,-5.52,98,0.224,0.4049,2.028,0.1173,-0.0739,-0.0377,0.9976,-0.1272,-0.2101,-0.1902,0.1361,0.0143,0.0203,-0.206
fixed,MU,2026-10-06 09:30:00-04:00,1068.95,2,stop,1,-4.28,0,0.2094,0.6099,11.375,0.1392,,,0.4199,0.0591,,0.0257,,0.0298,0.2142,-0.913
fixed,PLTR,2026-10-01 13:22:00-04:00,189.51,15,target,8,9.95,232,0.1116,0.1638,3.725,0.0984,0.307,0.4639,-0.3523,-0.1347,0.2048,0.3062,0.1022,0.0415,0.3984,0.0211
fixed,PLTR,2026-10-06 14:40:00-04:00,192.68,15,stop,11,-5.78,310,0.0572,0.182,2.149,0.0654,0.0519,-0.0259,0.8796,0.2133,-0.0013,-0.1198,0.0532,0.0415,0.0779,-0.2128
fixed,PLTR,2026-10-09 09:32:00-04:00,203.0678,14,stop,1,-5.69,2,0.7861,2.1879,2.196,0.2408,,,0.9986,0.0567,,0.0387,,0.0415,0.2128,-0.3289
fixed,SPY,2026-10-09 09:30:00-04:00,776.4099,3,time_stop,15,-2.13,0,0.0039,0.349,4.784,0.0353,,,0.0219,0.0219,,0.0039,,0.0026,0.0554,-0.1442
trail,NVDA,2026-10-08 12:17:00-04:00,235.6,12,stop,3,-5.65,167,0.1116,0.1871,6.574,0.0648,0.1296,0.0552,0.2852,0.1884,0.2466,0.1855,-0.117,0.0085,0.0849,-0.2122
trail,TSLA,2026-10-06 11:27:00-04:00,380.95,7,time_stop,15,-0.35,117,0.0409,0.1999,2.067,0.0762,0.1474,0.0131,-0.2853,0.4254,0.0756,0.0974,0.0718,0.0188,0.0971,-0.0814
trail,TSLA,2026-10-06 15:32:00-04:00,380.71,7,time_stop,15,2.35,362,0.0244,0.1737,2.408,0.0694,0.2827,0.1426,-0.3481,0.2018,-0.023,-0.1276,0.3057,0.0188,0.1418,-0.0865
trail,TSLA,2026-10-08 12:17:00-04:00,373.16,8,time_stop,15,-1.3,167,0.0172,0.301,4.709,0.0751,0.324,0.2605,-0.2566,0.1884,0.2466,0.1855,0.0773,0.0188,0.1222,-0.1393
trail,TSLA,2026-10-09 09:32:00-04:00,384.505,7,stop,1,-5.38,2,0.5185,2.5237,2.008,0.1747,,,0.5557,0.0567,,0.0387,,0.0188,0.0689,-0.2835
trail,AMZN,2026-10-02 09:30:00-04:00,252.5,11,stop,1,-5.55,0,0.1401,1.7694,9.558,0.0967,,,0.4855,-0.0383,,-0.0182,,0.0193,0.0911,-0.3842
trail,AMZN,2026-10-09 09:30:00-04:00,256.605,11,trail_stop,1,3.07,0,0.039,0.9461,5.809,0.0987,,,0.119,0.0219,,0.0039,,0.0193,0.2591,-0.113
trail,BAC,2026-10-06 09:30:00-04:00,54.34,55,stop,1,-5.98,0,0.0491,0.5738,3.031,0.0919,,,0.129,0.0591,,0.0257,,0.0189,0.0184,-0.2392
trail,F,2026-10-05 15:46:00-04:00,12.135,247,trail_stop,3,4.14,376,0.0347,0.3307,2.533,0.1312,0.3307,0.0,-0.1235,0.7003,-0.1269,0.2526,0.4576,0.0827,0.2884,-0.0412
trail,T,2026-10-05 15:55:00-04:00,24.17,124,trail_stop,5,4.17,385,0.2104,0.5617,4.325,0.0988,0.3738,0.4046,-0.412,0.5862,-0.2021,0.1272,0.5758,0.0406,0.2896,-0.0827
trail,T,2026-10-09 10:07:00-04:00,22.735,131,trail_stop,2,7.3,37,0.513,0.4418,2.626,0.3581,-0.4815,0.2646,1.5862,-0.009,0.0296,0.0055,-0.5111,0.0406,0.3959,-0.132
trail,NIO,2026-10-08 15:54:00-04:00,3.4069,880,stop,1,-6.0,384,0.3077,0.3505,2.846,0.3476,0.3505,0.8317,-2.241,-0.1897,0.0091,-0.0895,0.3415,0.2963,0.091,-0.2025
trail,SNAP,2026-10-05 14:44:00-04:00,5.6855,527,stop,1,-5.99,314,0.0434,0.3619,5.369,0.1665,-0.0791,0.0088,1.7084,0.7029,-0.0065,0.313,-0.0726,0.1723,-0.0088,-0.2726
trail,SNAP,2026-10-05 15:30:00-04:00,5.69,527,stop,2,-6.0,360,0.1421,0.2643,4.966,0.1641,0.3527,0.2643,1.7889,0.8283,-0.0174,0.3983,0.3701,0.1723,0.0,-0.3251
trail,SNAP,2026-10-05 15:39:00-04:00,5.685,527,stop,1,-5.99,369,0.0628,0.6017,2.069,0.2043,0.1762,0.4115,1.6995,0.799,-0.0515,0.3605,0.2277,0.1723,0.0,-0.2638
trail,AMD,2026-10-05 15:59:00-04:00,631.91,4,trail_stop,1,67.7,389,0.0604,0.1719,3.502,0.0776,0.0085,-0.0538,0.2491,0.6821,-0.0825,0.2157,0.0911,0.0503,2.8327,2.3279
trail,MSFT,2026-10-09 09:30:00-04:00,529.85,5,stop,1,-5.3,0,0.1052,1.3504,6.68,0.0895,,,0.3057,0.0219,,0.0039,,0.0211,0.0283,-0.5153
trail,META,2026-10-05 09:30:00-04:00,734.575,4,trail_stop,1,6.79,0,0.3394,0.9459,9.335,0.1285,,,0.9926,0.052,,0.0199,,0.0278,0.3818,-0.0456
trail,GOOGL,2026-10-02 09:30:00-04:00,342.4266,8,trail_stop,2,10.14,0,0.0675,1.2977,7.341,0.0955,,,0.3257,-0.0383,,-0.0182,,0.0143,0.5208,-0.1976
trail,GOOGL,2026-10-02 11:08:00-04:00,344.72,8,stop,1,-5.52,98,0.224,0.4049,2.028,0.1173,-0.0739,-0.0377,0.9976,-0.1272,-0.2101,-0.1902,0.1361,0.0143,0.0203,-0.206
trail,MU,2026-10-06 09:30:00-04:00,1068.95,2,stop,1,-4.28,0,0.2094,0.6099,11.375,0.1392,,,0.4199,0.0591,,0.0257,,0.0298,0.2142,-0.913
trail,PLTR,2026-10-01 13:22:00-04:00,189.51,15,trail_stop,2,0.83,232,0.1116,0.1638,3.725,0.0984,0.307,0.4639,-0.3523,-0.1347,0.2048,0.3062,0.1022,0.0415,0.1794,0.0211
trail,PLTR,2026-10-06 14:40:00-04:00,192.68,15,stop,11,-5.78,310,0.0572,0.182,2.149,0.0654,0.0519,-0.0259,0.8796,0.2133,-0.0013,-0.1198,0.0532,0.0415,0.0779,-0.2128
trail,PLTR,2026-10-09 09:32:00-04:00,203.0678,14,stop,1,-5.69,2,0.7861,2.1879,2.196,0.2408,,,0.9986,0.0567,,0.0387,,0.0415,0.2128,-0.3289
trail,SPY,2026-10-09 09:30:00-04:00,776.4099,3,time_stop,15,-2.13,0,0.0039,0.349,4.784,0.0353,,,0.0219,0.0219,,0.0039,,0.0026,0.0554,-0.1442
fixed,QQQ,2026-10-08 12:17:00-04:00,754.92,3,time_stop,15,-1.89,167,0.109,0.2676,9.694,0.0452,0.28,0.2097,0.1297,0.1884,0.2466,0.1477,0.0334,0.0026,0.0278,-0.1682
trail,QQQ,2026-10-08 12:17:00-04:00,754.92,3,time_stop,15,-1.89,167,0.109,0.2676,9.694,0.0452,0.28,0.2097,0.1297,0.1884,0.2466,0.1477,0.0334,0.0026,0.0278,-0.1682
